Iso3,StartDate,EndDate,Area Code,Area Code (M49),Area,Element Code,Element,ISO Currency Code,Currency,Year Code,Year,Months Code,Months,Unit,Value,Flag
#country+code,#date+start,#date+end,,,#country+name,,,,,,#date+year,,,#indicator+type,#indicator+value+num,
HTI,1970-01-01,1970-12-31,93,'332,Haiti,LCU,Local currency units per USD,HTG,Gourde,1970,1970,7021,Annual value,,5.000000004000000,X
HTI,1970-01-01,1970-01-31,93,'332,Haiti,LCU,Local currency units per USD,HTG,Gourde,1970,1970,7001,January,,5.000000004000000,X
HTI,1970-02-01,1970-02-28,93,'332,Haiti,LCU,Local currency units per USD,HTG,Gourde,1970,1970,7002,February,,5.000000004000000,X
HTI,1970-03-01,1970-03-31,93,'332,Haiti,LCU,Local currency units per USD,HTG,Gourde,1970,1970,7003,March,,5.000000004000000,X
HTI,1970-04-01,1970-04-30,93,'332,Haiti,LCU,Local currency units per USD,HTG,Gourde,1970,1970,7004,April,,5.000000004000000,X
HTI,1970-05-01,1970-05-31,93,'332,Haiti,LCU,Local currency units per USD,HTG,Gourde,1970,1970,7005,May,,5.000000004000000,X
HTI,1970-06-01,1970-06-30,93,'332,Haiti,LCU,Local currency units per USD,HTG,Gourde,1970,1970,7006,June,,5.000000004000000,X
HTI,1970-07-01,1970-07-31,93,'332,Haiti,LCU,Local currency units per USD,HTG,Gourde,1970,1970,7007,July,,5.000000004000000,X
HTI,1970-08-01,1970-08-31,93,'332,Haiti,LCU,Local currency units per USD,HTG,Gourde,1970,1970,7008,August,,5.000000004000000,X
HTI,1970-09-01,1970-09-30,93,'332,Haiti,LCU,Local currency units per USD,HTG,Gourde,1970,1970,7009,September,,5.000000004000000,X
HTI,1970-10-01,1970-10-31,93,'332,Haiti,LCU,Local currency units per USD,HTG,Gourde,1970,1970,7010,October,,5.000000004000000,X
HTI,1970-11-01,1970-11-30,93,'332,Haiti,LCU,Local currency units per USD,HTG,Gourde,1970,1970,7011,November,,5.000000004000000,X
HTI,1970-12-01,1970-12-31,93,'332,Haiti,LCU,Local currency units per USD,HTG,Gourde,1970,1970,7012,December,,5.000000004000000,X
HTI,1971-01-01,1971-12-31,93,'332,Haiti,LCU,Local currency units per USD,HTG,Gourde,1971,1971,7021,Annual value,,5.000000003600000,X
HTI,1971-01-01,1971-01-31,93,'332,Haiti,LCU,Local currency units per USD,HTG,Gourde,1971,1971,7001,January,,5.000000004000000,X
HTI,1971-02-01,1971-02-28,93,'332,Haiti,LCU,Local currency units per USD,HTG,Gourde,1971,1971,7002,February,,5.000000004000000,X
HTI,1971-03-01,1971-03-31,93,'332,Haiti,LCU,Local currency units per USD,HTG,Gourde,1971,1971,7003,March,,5.000000004000000,X
HTI,1971-04-01,1971-04-30,93,'332,Haiti,LCU,Local currency units per USD,HTG,Gourde,1971,1971,7004,April,,5.000000004000000,X
HTI,1971-05-01,1971-05-31,93,'332,Haiti,LCU,Local currency units per USD,HTG,Gourde,1971,1971,7005,May,,5.000000004000000,X
HTI,1971-06-01,1971-06-30,93,'332,Haiti,LCU,Local currency units per USD,HTG,Gourde,1971,1971,7006,June,,5.000000004000000,X
HTI,1971-07-01,1971-07-31,93,'332,Haiti,LCU,Local currency units per USD,HTG,Gourde,1971,1971,7007,July,,5.000000004000000,X
HTI,1971-08-01,1971-08-31,93,'332,Haiti,LCU,Local currency units per USD,HTG,Gourde,1971,1971,7008,August,,5.000000004000000,X
HTI,1971-09-01,1971-09-30,93,'332,Haiti,LCU,Local currency units per USD,HTG,Gourde,1971,1971,7009,September,,5.000000004000000,X
HTI,1971-10-01,1971-10-31,93,'332,Haiti,LCU,Local currency units per USD,HTG,Gourde,1971,1971,7010,October,,5.000000004000000,X
HTI,1971-11-01,1971-11-30,93,'332,Haiti,LCU,Local currency units per USD,HTG,Gourde,1971,1971,7011,November,,5.000000004000000,X
HTI,1971-12-01,1971-12-31,93,'332,Haiti,LCU,Local currency units per USD,HTG,Gourde,1971,1971,7012,December,,4.999999999000000,X
HTI,1972-01-01,1972-12-31,93,'332,Haiti,LCU,Local currency units per USD,HTG,Gourde,1972,1972,7021,Annual value,,5.000018424800000,X
HTI,1972-01-01,1972-01-31,93,'332,Haiti,LCU,Local currency units per USD,HTG,Gourde,1972,1972,7001,January,,5.000018424800000,X
HTI,1972-02-01,1972-02-29,93,'332,Haiti,LCU,Local currency units per USD,HTG,Gourde,1972,1972,7002,February,,5.000018424800000,X
HTI,1972-03-01,1972-03-31,93,'332,Haiti,LCU,Local currency units per USD,HTG,Gourde,1972,1972,7003,March,,5.000018424800000,X
HTI,1972-04-01,1972-04-30,93,'332,Haiti,LCU,Local currency units per USD,HTG,Gourde,1972,1972,7004,April,,5.000018424800000,X
HTI,1972-05-01,1972-05-31,93,'332,Haiti,LCU,Local currency units per USD,HTG,Gourde,1972,1972,7005,May,,5.000018424800000,X
HTI,1972-06-01,1972-06-30,93,'332,Haiti,LCU,Local currency units per USD,HTG,Gourde,1972,1972,7006,June,,5.000018424800000,X
HTI,1972-07-01,1972-07-31,93,'332,Haiti,LCU,Local currency units per USD,HTG,Gourde,1972,1972,7007,July,,5.000018424800000,X
HTI,1972-08-01,1972-08-31,93,'332,Haiti,LCU,Local currency units per USD,HTG,Gourde,1972,1972,7008,August,,5.000018424800000,X
HTI,1972-09-01,1972-09-30,93,'332,Haiti,LCU,Local currency units per USD,HTG,Gourde,1972,1972,7009,September,,5.000018424800000,X
HTI,1972-10-01,1972-10-31,93,'332,Haiti,LCU,Local currency units per USD,HTG,Gourde,1972,1972,7010,October,,5.000018424800000,X
HTI,1972-11-01,1972-11-30,93,'332,Haiti,LCU,Local currency units per USD,HTG,Gourde,1972,1972,7011,November,,5.000018424800000,X
HTI,1972-12-01,1972-12-31,93,'332,Haiti,LCU,Local currency units per USD,HTG,Gourde,1972,1972,7012,December,,5.000018424800000,X
HTI,1973-01-01,1973-12-31,93,'332,Haiti,LCU,Local currency units per USD,HTG,Gourde,1973,1973,7021,Annual value,,5.000008446000000,X
HTI,1973-01-01,1973-01-31,93,'332,Haiti,LCU,Local currency units per USD,HTG,Gourde,1973,1973,7001,January,,5.000018424800000,X
HTI,1973-02-01,1973-02-28,93,'332,Haiti,LCU,Local currency units per USD,HTG,Gourde,1973,1973,7002,February,,4.999999999000000,X
HTI,1973-03-01,1973-03-31,93,'332,Haiti,LCU,Local currency units per USD,HTG,Gourde,1973,1973,7003,March,,5.000008292800000,X
HTI,1973-04-01,1973-04-30,93,'332,Haiti,LCU,Local currency units per USD,HTG,Gourde,1973,1973,7004,April,,5.000008292800000,X
HTI,1973-05-01,1973-05-31,93,'332,Haiti,LCU,Local currency units per USD,HTG,Gourde,1973,1973,7005,May,,5.000008292800000,X
HTI,1973-06-01,1973-06-30,93,'332,Haiti,LCU,Local currency units per USD,HTG,Gourde,1973,1973,7006,June,,5.000008292800000,X
HTI,1973-07-01,1973-07-31,93,'332,Haiti,LCU,Local currency units per USD,HTG,Gourde,1973,1973,7007,July,,5.000008292800000,X
HTI,1973-08-01,1973-08-31,93,'332,Haiti,LCU,Local currency units per USD,HTG,Gourde,1973,1973,7008,August,,5.000008292800000,X
HTI,1973-09-01,1973-09-30,93,'332,Haiti,LCU,Local currency units per USD,HTG,Gourde,1973,1973,7009,September,,5.000008292800000,X
HTI,1973-10-01,1973-10-31,93,'332,Haiti,LCU,Local currency units per USD,HTG,Gourde,1973,1973,7010,October,,5.000008292800000,X
HTI,1973-11-01,1973-11-30,93,'332,Haiti,LCU,Local currency units per USD,HTG,Gourde,1973,1973,7011,November,,5.000008292800000,X
HTI,1973-12-01,1973-12-31,93,'332,Haiti,LCU,Local currency units per USD,HTG,Gourde,1973,1973,7012,December,,5.000008292800000,X
HTI,1974-01-01,1974-12-31,93,'332,Haiti,LCU,Local currency units per USD,HTG,Gourde,1974,1974,7021,Annual value,,5.000004145900000,X
HTI,1974-01-01,1974-01-31,93,'332,Haiti,LCU,Local currency units per USD,HTG,Gourde,1974,1974,7001,January,,5.000008292800000,X
HTI,1974-02-01,1974-02-28,93,'332,Haiti,LCU,Local currency units per USD,HTG,Gourde,1974,1974,7002,February,,5.000008292800000,X
HTI,1974-03-01,1974-03-31,93,'332,Haiti,LCU,Local currency units per USD,HTG,Gourde,1974,1974,7003,March,,5.000008292800000,X
HTI,1974-04-01,1974-04-30,93,'332,Haiti,LCU,Local currency units per USD,HTG,Gourde,1974,1974,7004,April,,5.000008292800000,X
HTI,1974-05-01,1974-05-31,93,'332,Haiti,LCU,Local currency units per USD,HTG,Gourde,1974,1974,7005,May,,5.000008292800000,X
HTI,1974-06-01,1974-06-30,93,'332,Haiti,LCU,Local currency units per USD,HTG,Gourde,1974,1974,7006,June,,5.000008292800000,X
HTI,1974-07-01,1974-07-31,93,'332,Haiti,LCU,Local currency units per USD,HTG,Gourde,1974,1974,7007,July,,4.999999999000000,X
HTI,1974-08-01,1974-08-31,93,'332,Haiti,LCU,Local currency units per USD,HTG,Gourde,1974,1974,7008,August,,4.999999999000000,X
HTI,1974-09-01,1974-09-30,93,'332,Haiti,LCU,Local currency units per USD,HTG,Gourde,1974,1974,7009,September,,4.999999999000000,X
HTI,1974-10-01,1974-10-31,93,'332,Haiti,LCU,Local currency units per USD,HTG,Gourde,1974,1974,7010,October,,4.999999999000000,X
HTI,1974-11-01,1974-11-30,93,'332,Haiti,LCU,Local currency units per USD,HTG,Gourde,1974,1974,7011,November,,4.999999999000000,X
HTI,1974-12-01,1974-12-31,93,'332,Haiti,LCU,Local currency units per USD,HTG,Gourde,1974,1974,7012,December,,4.999999999000000,X
HTI,1975-01-01,1975-12-31,93,'332,Haiti,LCU,Local currency units per USD,HTG,Gourde,1975,1975,7021,Annual value,,4.999999999000000,X
HTI,1975-01-01,1975-01-31,93,'332,Haiti,LCU,Local currency units per USD,HTG,Gourde,1975,1975,7001,January,,4.999999999000000,X
HTI,1975-02-01,1975-02-28,93,'332,Haiti,LCU,Local currency units per USD,HTG,Gourde,1975,1975,7002,February,,4.999999999000000,X
HTI,1975-03-01,1975-03-31,93,'332,Haiti,LCU,Local currency units per USD,HTG,Gourde,1975,1975,7003,March,,4.999999999000000,X
HTI,1975-04-01,1975-04-30,93,'332,Haiti,LCU,Local currency units per USD,HTG,Gourde,1975,1975,7004,April,,4.999999999000000,X
HTI,1975-05-01,1975-05-31,93,'332,Haiti,LCU,Local currency units per USD,HTG,Gourde,1975,1975,7005,May,,4.999999999000000,X
HTI,1975-06-01,1975-06-30,93,'332,Haiti,LCU,Local currency units per USD,HTG,Gourde,1975,1975,7006,June,,4.999999999000000,X
HTI,1975-07-01,1975-07-31,93,'332,Haiti,LCU,Local currency units per USD,HTG,Gourde,1975,1975,7007,July,,4.999999999000000,X
HTI,1975-08-01,1975-08-31,93,'332,Haiti,LCU,Local currency units per USD,HTG,Gourde,1975,1975,7008,August,,4.999999999000000,X
HTI,1975-09-01,1975-09-30,93,'332,Haiti,LCU,Local currency units per USD,HTG,Gourde,1975,1975,7009,September,,4.999999999000000,X
HTI,1975-10-01,1975-10-31,93,'332,Haiti,LCU,Local currency units per USD,HTG,Gourde,1975,1975,7010,October,,4.999999999000000,X
HTI,1975-11-01,1975-11-30,93,'332,Haiti,LCU,Local currency units per USD,HTG,Gourde,1975,1975,7011,November,,4.999999999000000,X
HTI,1975-12-01,1975-12-31,93,'332,Haiti,LCU,Local currency units per USD,HTG,Gourde,1975,1975,7012,December,,4.999999999000000,X
HTI,1976-01-01,1976-12-31,93,'332,Haiti,LCU,Local currency units per USD,HTG,Gourde,1976,1976,7021,Annual value,,4.999999999000000,X
HTI,1976-01-01,1976-01-31,93,'332,Haiti,LCU,Local currency units per USD,HTG,Gourde,1976,1976,7001,January,,4.999999999000000,X
HTI,1976-02-01,1976-02-29,93,'332,Haiti,LCU,Local currency units per USD,HTG,Gourde,1976,1976,7002,February,,4.999999999000000,X
HTI,1976-03-01,1976-03-31,93,'332,Haiti,LCU,Local currency units per USD,HTG,Gourde,1976,1976,7003,March,,4.999999999000000,X
HTI,1976-04-01,1976-04-30,93,'332,Haiti,LCU,Local currency units per USD,HTG,Gourde,1976,1976,7004,April,,4.999999999000000,X
HTI,1976-05-01,1976-05-31,93,'332,Haiti,LCU,Local currency units per USD,HTG,Gourde,1976,1976,7005,May,,4.999999999000000,X
HTI,1976-06-01,1976-06-30,93,'332,Haiti,LCU,Local currency units per USD,HTG,Gourde,1976,1976,7006,June,,4.999999999000000,X
HTI,1976-07-01,1976-07-31,93,'332,Haiti,LCU,Local currency units per USD,HTG,Gourde,1976,1976,7007,July,,4.999999999000000,X
HTI,1976-08-01,1976-08-31,93,'332,Haiti,LCU,Local currency units per USD,HTG,Gourde,1976,1976,7008,August,,4.999999999000000,X
HTI,1976-09-01,1976-09-30,93,'332,Haiti,LCU,Local currency units per USD,HTG,Gourde,1976,1976,7009,September,,4.999999999000000,X
HTI,1976-10-01,1976-10-31,93,'332,Haiti,LCU,Local currency units per USD,HTG,Gourde,1976,1976,7010,October,,4.999999999000000,X
HTI,1976-11-01,1976-11-30,93,'332,Haiti,LCU,Local currency units per USD,HTG,Gourde,1976,1976,7011,November,,4.999999999000000,X
HTI,1976-12-01,1976-12-31,93,'332,Haiti,LCU,Local currency units per USD,HTG,Gourde,1976,1976,7012,December,,4.999999999000000,X
HTI,1977-01-01,1977-12-31,93,'332,Haiti,LCU,Local currency units per USD,HTG,Gourde,1977,1977,7021,Annual value,,4.999999999000000,X
HTI,1977-01-01,1977-01-31,93,'332,Haiti,LCU,Local currency units per USD,HTG,Gourde,1977,1977,7001,January,,4.999999999000000,X
HTI,1977-02-01,1977-02-28,93,'332,Haiti,LCU,Local currency units per USD,HTG,Gourde,1977,1977,7002,February,,4.999999999000000,X
HTI,1977-03-01,1977-03-31,93,'332,Haiti,LCU,Local currency units per USD,HTG,Gourde,1977,1977,7003,March,,4.999999999000000,X
HTI,1977-04-01,1977-04-30,93,'332,Haiti,LCU,Local currency units per USD,HTG,Gourde,1977,1977,7004,April,,4.999999999000000,X
HTI,1977-05-01,1977-05-31,93,'332,Haiti,LCU,Local currency units per USD,HTG,Gourde,1977,1977,7005,May,,4.999999999000000,X
HTI,1977-06-01,1977-06-30,93,'332,Haiti,LCU,Local currency units per USD,HTG,Gourde,1977,1977,7006,June,,4.999999999000000,X
HTI,1977-07-01,1977-07-31,93,'332,Haiti,LCU,Local currency units per USD,HTG,Gourde,1977,1977,7007,July,,4.999999999000000,X
HTI,1977-08-01,1977-08-31,93,'332,Haiti,LCU,Local currency units per USD,HTG,Gourde,1977,1977,7008,August,,4.999999999000000,X
HTI,1977-09-01,1977-09-30,93,'332,Haiti,LCU,Local currency units per USD,HTG,Gourde,1977,1977,7009,September,,4.999999999000000,X
HTI,1977-10-01,1977-10-31,93,'332,Haiti,LCU,Local currency units per USD,HTG,Gourde,1977,1977,7010,October,,4.999999999000000,X
HTI,1977-11-01,1977-11-30,93,'332,Haiti,LCU,Local currency units per USD,HTG,Gourde,1977,1977,7011,November,,4.999999999000000,X
HTI,1977-12-01,1977-12-31,93,'332,Haiti,LCU,Local currency units per USD,HTG,Gourde,1977,1977,7012,December,,4.999999999000000,X
HTI,1978-01-01,1978-12-31,93,'332,Haiti,LCU,Local currency units per USD,HTG,Gourde,1978,1978,7021,Annual value,,4.999999999000000,X
HTI,1978-01-01,1978-01-31,93,'332,Haiti,LCU,Local currency units per USD,HTG,Gourde,1978,1978,7001,January,,4.999999999000000,X
HTI,1978-02-01,1978-02-28,93,'332,Haiti,LCU,Local currency units per USD,HTG,Gourde,1978,1978,7002,February,,4.999999999000000,X
HTI,1978-03-01,1978-03-31,93,'332,Haiti,LCU,Local currency units per USD,HTG,Gourde,1978,1978,7003,March,,4.999999999000000,X
HTI,1978-04-01,1978-04-30,93,'332,Haiti,LCU,Local currency units per USD,HTG,Gourde,1978,1978,7004,April,,4.999999999000000,X
HTI,1978-05-01,1978-05-31,93,'332,Haiti,LCU,Local currency units per USD,HTG,Gourde,1978,1978,7005,May,,4.999999999000000,X
HTI,1978-06-01,1978-06-30,93,'332,Haiti,LCU,Local currency units per USD,HTG,Gourde,1978,1978,7006,June,,4.999999999000000,X
HTI,1978-07-01,1978-07-31,93,'332,Haiti,LCU,Local currency units per USD,HTG,Gourde,1978,1978,7007,July,,4.999999999000000,X
HTI,1978-08-01,1978-08-31,93,'332,Haiti,LCU,Local currency units per USD,HTG,Gourde,1978,1978,7008,August,,4.999999999000000,X
HTI,1978-09-01,1978-09-30,93,'332,Haiti,LCU,Local currency units per USD,HTG,Gourde,1978,1978,7009,September,,4.999999999000000,X
HTI,1978-10-01,1978-10-31,93,'332,Haiti,LCU,Local currency units per USD,HTG,Gourde,1978,1978,7010,October,,4.999999999000000,X
HTI,1978-11-01,1978-11-30,93,'332,Haiti,LCU,Local currency units per USD,HTG,Gourde,1978,1978,7011,November,,4.999999999000000,X
HTI,1978-12-01,1978-12-31,93,'332,Haiti,LCU,Local currency units per USD,HTG,Gourde,1978,1978,7012,December,,4.999999999000000,X
HTI,1979-01-01,1979-12-31,93,'332,Haiti,LCU,Local currency units per USD,HTG,Gourde,1979,1979,7021,Annual value,,4.999999999000000,X
HTI,1979-01-01,1979-01-31,93,'332,Haiti,LCU,Local currency units per USD,HTG,Gourde,1979,1979,7001,January,,4.999999999000000,X
HTI,1979-02-01,1979-02-28,93,'332,Haiti,LCU,Local currency units per USD,HTG,Gourde,1979,1979,7002,February,,4.999999999000000,X
HTI,1979-03-01,1979-03-31,93,'332,Haiti,LCU,Local currency units per USD,HTG,Gourde,1979,1979,7003,March,,4.999999999000000,X
HTI,1979-04-01,1979-04-30,93,'332,Haiti,LCU,Local currency units per USD,HTG,Gourde,1979,1979,7004,April,,4.999999999000000,X
HTI,1979-05-01,1979-05-31,93,'332,Haiti,LCU,Local currency units per USD,HTG,Gourde,1979,1979,7005,May,,4.999999999000000,X
HTI,1979-06-01,1979-06-30,93,'332,Haiti,LCU,Local currency units per USD,HTG,Gourde,1979,1979,7006,June,,4.999999999000000,X
HTI,1979-07-01,1979-07-31,93,'332,Haiti,LCU,Local currency units per USD,HTG,Gourde,1979,1979,7007,July,,4.999999999000000,X
HTI,1979-08-01,1979-08-31,93,'332,Haiti,LCU,Local currency units per USD,HTG,Gourde,1979,1979,7008,August,,4.999999999000000,X
HTI,1979-09-01,1979-09-30,93,'332,Haiti,LCU,Local currency units per USD,HTG,Gourde,1979,1979,7009,September,,4.999999999000000,X
HTI,1979-10-01,1979-10-31,93,'332,Haiti,LCU,Local currency units per USD,HTG,Gourde,1979,1979,7010,October,,4.999999999000000,X
HTI,1979-11-01,1979-11-30,93,'332,Haiti,LCU,Local currency units per USD,HTG,Gourde,1979,1979,7011,November,,4.999999999000000,X
HTI,1979-12-01,1979-12-31,93,'332,Haiti,LCU,Local currency units per USD,HTG,Gourde,1979,1979,7012,December,,4.999999999000000,X
HTI,1980-01-01,1980-12-31,93,'332,Haiti,LCU,Local currency units per USD,HTG,Gourde,1980,1980,7021,Annual value,,4.999999999000000,X
HTI,1980-01-01,1980-01-31,93,'332,Haiti,LCU,Local currency units per USD,HTG,Gourde,1980,1980,7001,January,,4.999999999000000,X
HTI,1980-02-01,1980-02-29,93,'332,Haiti,LCU,Local currency units per USD,HTG,Gourde,1980,1980,7002,February,,4.999999999000000,X
HTI,1980-03-01,1980-03-31,93,'332,Haiti,LCU,Local currency units per USD,HTG,Gourde,1980,1980,7003,March,,4.999999999000000,X
HTI,1980-04-01,1980-04-30,93,'332,Haiti,LCU,Local currency units per USD,HTG,Gourde,1980,1980,7004,April,,4.999999999000000,X
HTI,1980-05-01,1980-05-31,93,'332,Haiti,LCU,Local currency units per USD,HTG,Gourde,1980,1980,7005,May,,4.999999999000000,X
HTI,1980-06-01,1980-06-30,93,'332,Haiti,LCU,Local currency units per USD,HTG,Gourde,1980,1980,7006,June,,4.999999999000000,X
HTI,1980-07-01,1980-07-31,93,'332,Haiti,LCU,Local currency units per USD,HTG,Gourde,1980,1980,7007,July,,4.999999999000000,X
HTI,1980-08-01,1980-08-31,93,'332,Haiti,LCU,Local currency units per USD,HTG,Gourde,1980,1980,7008,August,,4.999999999000000,X
HTI,1980-09-01,1980-09-30,93,'332,Haiti,LCU,Local currency units per USD,HTG,Gourde,1980,1980,7009,September,,4.999999999000000,X
HTI,1980-10-01,1980-10-31,93,'332,Haiti,LCU,Local currency units per USD,HTG,Gourde,1980,1980,7010,October,,4.999999999000000,X
HTI,1980-11-01,1980-11-30,93,'332,Haiti,LCU,Local currency units per USD,HTG,Gourde,1980,1980,7011,November,,4.999999999000000,X
HTI,1980-12-01,1980-12-31,93,'332,Haiti,LCU,Local currency units per USD,HTG,Gourde,1980,1980,7012,December,,4.999999999000000,X
HTI,1981-01-01,1981-12-31,93,'332,Haiti,LCU,Local currency units per USD,HTG,Gourde,1981,1981,7021,Annual value,,4.999999999000000,X
HTI,1981-01-01,1981-01-31,93,'332,Haiti,LCU,Local currency units per USD,HTG,Gourde,1981,1981,7001,January,,4.999999999000000,X
HTI,1981-02-01,1981-02-28,93,'332,Haiti,LCU,Local currency units per USD,HTG,Gourde,1981,1981,7002,February,,4.999999999000000,X
HTI,1981-03-01,1981-03-31,93,'332,Haiti,LCU,Local currency units per USD,HTG,Gourde,1981,1981,7003,March,,4.999999999000000,X
HTI,1981-04-01,1981-04-30,93,'332,Haiti,LCU,Local currency units per USD,HTG,Gourde,1981,1981,7004,April,,4.999999999000000,X
HTI,1981-05-01,1981-05-31,93,'332,Haiti,LCU,Local currency units per USD,HTG,Gourde,1981,1981,7005,May,,4.999999999000000,X
HTI,1981-06-01,1981-06-30,93,'332,Haiti,LCU,Local currency units per USD,HTG,Gourde,1981,1981,7006,June,,4.999999999000000,X
HTI,1981-07-01,1981-07-31,93,'332,Haiti,LCU,Local currency units per USD,HTG,Gourde,1981,1981,7007,July,,4.999999999000000,X
HTI,1981-08-01,1981-08-31,93,'332,Haiti,LCU,Local currency units per USD,HTG,Gourde,1981,1981,7008,August,,4.999999999000000,X
HTI,1981-09-01,1981-09-30,93,'332,Haiti,LCU,Local currency units per USD,HTG,Gourde,1981,1981,7009,September,,4.999999999000000,X
HTI,1981-10-01,1981-10-31,93,'332,Haiti,LCU,Local currency units per USD,HTG,Gourde,1981,1981,7010,October,,4.999999999000000,X
HTI,1981-11-01,1981-11-30,93,'332,Haiti,LCU,Local currency units per USD,HTG,Gourde,1981,1981,7011,November,,4.999999999000000,X
HTI,1981-12-01,1981-12-31,93,'332,Haiti,LCU,Local currency units per USD,HTG,Gourde,1981,1981,7012,December,,4.999999999000000,X
HTI,1982-01-01,1982-12-31,93,'332,Haiti,LCU,Local currency units per USD,HTG,Gourde,1982,1982,7021,Annual value,,4.999999999000000,X
HTI,1982-01-01,1982-01-31,93,'332,Haiti,LCU,Local currency units per USD,HTG,Gourde,1982,1982,7001,January,,4.999999999000000,X
HTI,1982-02-01,1982-02-28,93,'332,Haiti,LCU,Local currency units per USD,HTG,Gourde,1982,1982,7002,February,,4.999999999000000,X
HTI,1982-03-01,1982-03-31,93,'332,Haiti,LCU,Local currency units per USD,HTG,Gourde,1982,1982,7003,March,,4.999999999000000,X
HTI,1982-04-01,1982-04-30,93,'332,Haiti,LCU,Local currency units per USD,HTG,Gourde,1982,1982,7004,April,,4.999999999000000,X
HTI,1982-05-01,1982-05-31,93,'332,Haiti,LCU,Local currency units per USD,HTG,Gourde,1982,1982,7005,May,,4.999999999000000,X
HTI,1982-06-01,1982-06-30,93,'332,Haiti,LCU,Local currency units per USD,HTG,Gourde,1982,1982,7006,June,,4.999999999000000,X
HTI,1982-07-01,1982-07-31,93,'332,Haiti,LCU,Local currency units per USD,HTG,Gourde,1982,1982,7007,July,,4.999999999000000,X
HTI,1982-08-01,1982-08-31,93,'332,Haiti,LCU,Local currency units per USD,HTG,Gourde,1982,1982,7008,August,,4.999999999000000,X
HTI,1982-09-01,1982-09-30,93,'332,Haiti,LCU,Local currency units per USD,HTG,Gourde,1982,1982,7009,September,,4.999999999000000,X
HTI,1982-10-01,1982-10-31,93,'332,Haiti,LCU,Local currency units per USD,HTG,Gourde,1982,1982,7010,October,,4.999999999000000,X
HTI,1982-11-01,1982-11-30,93,'332,Haiti,LCU,Local currency units per USD,HTG,Gourde,1982,1982,7011,November,,4.999999999000000,X
HTI,1982-12-01,1982-12-31,93,'332,Haiti,LCU,Local currency units per USD,HTG,Gourde,1982,1982,7012,December,,4.999999999000000,X
HTI,1983-01-01,1983-12-31,93,'332,Haiti,LCU,Local currency units per USD,HTG,Gourde,1983,1983,7021,Annual value,,4.999999999000000,X
HTI,1983-01-01,1983-01-31,93,'332,Haiti,LCU,Local currency units per USD,HTG,Gourde,1983,1983,7001,January,,4.999999999000000,X
HTI,1983-02-01,1983-02-28,93,'332,Haiti,LCU,Local currency units per USD,HTG,Gourde,1983,1983,7002,February,,4.999999999000000,X
HTI,1983-03-01,1983-03-31,93,'332,Haiti,LCU,Local currency units per USD,HTG,Gourde,1983,1983,7003,March,,4.999999999000000,X
HTI,1983-04-01,1983-04-30,93,'332,Haiti,LCU,Local currency units per USD,HTG,Gourde,1983,1983,7004,April,,4.999999999000000,X
HTI,1983-05-01,1983-05-31,93,'332,Haiti,LCU,Local currency units per USD,HTG,Gourde,1983,1983,7005,May,,4.999999999000000,X
HTI,1983-06-01,1983-06-30,93,'332,Haiti,LCU,Local currency units per USD,HTG,Gourde,1983,1983,7006,June,,4.999999999000000,X
HTI,1983-07-01,1983-07-31,93,'332,Haiti,LCU,Local currency units per USD,HTG,Gourde,1983,1983,7007,July,,4.999999999000000,X
HTI,1983-08-01,1983-08-31,93,'332,Haiti,LCU,Local currency units per USD,HTG,Gourde,1983,1983,7008,August,,4.999999999000000,X
HTI,1983-09-01,1983-09-30,93,'332,Haiti,LCU,Local currency units per USD,HTG,Gourde,1983,1983,7009,September,,4.999999999000000,X
HTI,1983-10-01,1983-10-31,93,'332,Haiti,LCU,Local currency units per USD,HTG,Gourde,1983,1983,7010,October,,4.999999999000000,X
HTI,1983-11-01,1983-11-30,93,'332,Haiti,LCU,Local currency units per USD,HTG,Gourde,1983,1983,7011,November,,4.999999999000000,X
HTI,1983-12-01,1983-12-31,93,'332,Haiti,LCU,Local currency units per USD,HTG,Gourde,1983,1983,7012,December,,4.999999999000000,X
HTI,1984-01-01,1984-12-31,93,'332,Haiti,LCU,Local currency units per USD,HTG,Gourde,1984,1984,7021,Annual value,,4.999999999600000,X
HTI,1984-01-01,1984-01-31,93,'332,Haiti,LCU,Local currency units per USD,HTG,Gourde,1984,1984,7001,January,,4.999999999000000,X
HTI,1984-02-01,1984-02-29,93,'332,Haiti,LCU,Local currency units per USD,HTG,Gourde,1984,1984,7002,February,,4.999999999000000,X
HTI,1984-03-01,1984-03-31,93,'332,Haiti,LCU,Local currency units per USD,HTG,Gourde,1984,1984,7003,March,,4.999999999000000,X
HTI,1984-04-01,1984-04-30,93,'332,Haiti,LCU,Local currency units per USD,HTG,Gourde,1984,1984,7004,April,,4.999999999000000,X
HTI,1984-05-01,1984-05-31,93,'332,Haiti,LCU,Local currency units per USD,HTG,Gourde,1984,1984,7005,May,,4.999999999000000,X
HTI,1984-06-01,1984-06-30,93,'332,Haiti,LCU,Local currency units per USD,HTG,Gourde,1984,1984,7006,June,,5.000000000000000,X
HTI,1984-07-01,1984-07-31,93,'332,Haiti,LCU,Local currency units per USD,HTG,Gourde,1984,1984,7007,July,,5.000000000000000,X
HTI,1984-08-01,1984-08-31,93,'332,Haiti,LCU,Local currency units per USD,HTG,Gourde,1984,1984,7008,August,,5.000000000000000,X
HTI,1984-09-01,1984-09-30,93,'332,Haiti,LCU,Local currency units per USD,HTG,Gourde,1984,1984,7009,September,,5.000000000000000,X
HTI,1984-10-01,1984-10-31,93,'332,Haiti,LCU,Local currency units per USD,HTG,Gourde,1984,1984,7010,October,,5.000000000000000,X
HTI,1984-11-01,1984-11-30,93,'332,Haiti,LCU,Local currency units per USD,HTG,Gourde,1984,1984,7011,November,,5.000000000000000,X
HTI,1984-12-01,1984-12-31,93,'332,Haiti,LCU,Local currency units per USD,HTG,Gourde,1984,1984,7012,December,,5.000000000000000,X
HTI,1985-01-01,1985-12-31,93,'332,Haiti,LCU,Local currency units per USD,HTG,Gourde,1985,1985,7021,Annual value,,5.000000000000000,X
HTI,1985-01-01,1985-01-31,93,'332,Haiti,LCU,Local currency units per USD,HTG,Gourde,1985,1985,7001,January,,5.000000000000000,X
HTI,1985-02-01,1985-02-28,93,'332,Haiti,LCU,Local currency units per USD,HTG,Gourde,1985,1985,7002,February,,5.000000000000000,X
HTI,1985-03-01,1985-03-31,93,'332,Haiti,LCU,Local currency units per USD,HTG,Gourde,1985,1985,7003,March,,5.000000000000000,X
HTI,1985-04-01,1985-04-30,93,'332,Haiti,LCU,Local currency units per USD,HTG,Gourde,1985,1985,7004,April,,5.000000000000000,X
HTI,1985-05-01,1985-05-31,93,'332,Haiti,LCU,Local currency units per USD,HTG,Gourde,1985,1985,7005,May,,5.000000000000000,X
HTI,1985-06-01,1985-06-30,93,'332,Haiti,LCU,Local currency units per USD,HTG,Gourde,1985,1985,7006,June,,5.000000000000000,X
HTI,1985-07-01,1985-07-31,93,'332,Haiti,LCU,Local currency units per USD,HTG,Gourde,1985,1985,7007,July,,5.000000000000000,X
HTI,1985-08-01,1985-08-31,93,'332,Haiti,LCU,Local currency units per USD,HTG,Gourde,1985,1985,7008,August,,5.000000000000000,X
HTI,1985-09-01,1985-09-30,93,'332,Haiti,LCU,Local currency units per USD,HTG,Gourde,1985,1985,7009,September,,5.000000000000000,X
HTI,1985-10-01,1985-10-31,93,'332,Haiti,LCU,Local currency units per USD,HTG,Gourde,1985,1985,7010,October,,5.000000000000000,X
HTI,1985-11-01,1985-11-30,93,'332,Haiti,LCU,Local currency units per USD,HTG,Gourde,1985,1985,7011,November,,5.000000000000000,X
HTI,1985-12-01,1985-12-31,93,'332,Haiti,LCU,Local currency units per USD,HTG,Gourde,1985,1985,7012,December,,5.000000000000000,X
HTI,1986-01-01,1986-12-31,93,'332,Haiti,LCU,Local currency units per USD,HTG,Gourde,1986,1986,7021,Annual value,,5.000000000000000,X
HTI,1986-01-01,1986-01-31,93,'332,Haiti,LCU,Local currency units per USD,HTG,Gourde,1986,1986,7001,January,,5.000000000000000,X
HTI,1986-02-01,1986-02-28,93,'332,Haiti,LCU,Local currency units per USD,HTG,Gourde,1986,1986,7002,February,,5.000000000000000,X
HTI,1986-03-01,1986-03-31,93,'332,Haiti,LCU,Local currency units per USD,HTG,Gourde,1986,1986,7003,March,,5.000000000000000,X
HTI,1986-04-01,1986-04-30,93,'332,Haiti,LCU,Local currency units per USD,HTG,Gourde,1986,1986,7004,April,,5.000000000000000,X
HTI,1986-05-01,1986-05-31,93,'332,Haiti,LCU,Local currency units per USD,HTG,Gourde,1986,1986,7005,May,,5.000000000000000,X
HTI,1986-06-01,1986-06-30,93,'332,Haiti,LCU,Local currency units per USD,HTG,Gourde,1986,1986,7006,June,,5.000000000000000,X
HTI,1986-07-01,1986-07-31,93,'332,Haiti,LCU,Local currency units per USD,HTG,Gourde,1986,1986,7007,July,,5.000000000000000,X
HTI,1986-08-01,1986-08-31,93,'332,Haiti,LCU,Local currency units per USD,HTG,Gourde,1986,1986,7008,August,,5.000000000000000,X
HTI,1986-09-01,1986-09-30,93,'332,Haiti,LCU,Local currency units per USD,HTG,Gourde,1986,1986,7009,September,,5.000000000000000,X
HTI,1986-10-01,1986-10-31,93,'332,Haiti,LCU,Local currency units per USD,HTG,Gourde,1986,1986,7010,October,,5.000000000000000,X
HTI,1986-11-01,1986-11-30,93,'332,Haiti,LCU,Local currency units per USD,HTG,Gourde,1986,1986,7011,November,,5.000000000000000,X
HTI,1986-12-01,1986-12-31,93,'332,Haiti,LCU,Local currency units per USD,HTG,Gourde,1986,1986,7012,December,,5.000000000000000,X
HTI,1987-01-01,1987-12-31,93,'332,Haiti,LCU,Local currency units per USD,HTG,Gourde,1987,1987,7021,Annual value,,5.000000000000000,X
HTI,1987-01-01,1987-01-31,93,'332,Haiti,LCU,Local currency units per USD,HTG,Gourde,1987,1987,7001,January,,5.000000000000000,X
HTI,1987-02-01,1987-02-28,93,'332,Haiti,LCU,Local currency units per USD,HTG,Gourde,1987,1987,7002,February,,5.000000000000000,X
HTI,1987-03-01,1987-03-31,93,'332,Haiti,LCU,Local currency units per USD,HTG,Gourde,1987,1987,7003,March,,5.000000000000000,X
HTI,1987-04-01,1987-04-30,93,'332,Haiti,LCU,Local currency units per USD,HTG,Gourde,1987,1987,7004,April,,5.000000000000000,X
HTI,1987-05-01,1987-05-31,93,'332,Haiti,LCU,Local currency units per USD,HTG,Gourde,1987,1987,7005,May,,5.000000000000000,X
HTI,1987-06-01,1987-06-30,93,'332,Haiti,LCU,Local currency units per USD,HTG,Gourde,1987,1987,7006,June,,5.000000000000000,X
HTI,1987-07-01,1987-07-31,93,'332,Haiti,LCU,Local currency units per USD,HTG,Gourde,1987,1987,7007,July,,5.000000000000000,X
HTI,1987-08-01,1987-08-31,93,'332,Haiti,LCU,Local currency units per USD,HTG,Gourde,1987,1987,7008,August,,5.000000000000000,X
HTI,1987-09-01,1987-09-30,93,'332,Haiti,LCU,Local currency units per USD,HTG,Gourde,1987,1987,7009,September,,5.000000000000000,X
HTI,1987-10-01,1987-10-31,93,'332,Haiti,LCU,Local currency units per USD,HTG,Gourde,1987,1987,7010,October,,5.000000000000000,X
HTI,1987-11-01,1987-11-30,93,'332,Haiti,LCU,Local currency units per USD,HTG,Gourde,1987,1987,7011,November,,5.000000000000000,X
HTI,1987-12-01,1987-12-31,93,'332,Haiti,LCU,Local currency units per USD,HTG,Gourde,1987,1987,7012,December,,5.000000000000000,X
HTI,1988-01-01,1988-12-31,93,'332,Haiti,LCU,Local currency units per USD,HTG,Gourde,1988,1988,7021,Annual value,,5.000000000000000,X
HTI,1988-01-01,1988-01-31,93,'332,Haiti,LCU,Local currency units per USD,HTG,Gourde,1988,1988,7001,January,,5.000000000000000,X
HTI,1988-02-01,1988-02-29,93,'332,Haiti,LCU,Local currency units per USD,HTG,Gourde,1988,1988,7002,February,,5.000000000000000,X
HTI,1988-03-01,1988-03-31,93,'332,Haiti,LCU,Local currency units per USD,HTG,Gourde,1988,1988,7003,March,,5.000000000000000,X
HTI,1988-04-01,1988-04-30,93,'332,Haiti,LCU,Local currency units per USD,HTG,Gourde,1988,1988,7004,April,,5.000000000000000,X
HTI,1988-05-01,1988-05-31,93,'332,Haiti,LCU,Local currency units per USD,HTG,Gourde,1988,1988,7005,May,,5.000000000000000,X
HTI,1988-06-01,1988-06-30,93,'332,Haiti,LCU,Local currency units per USD,HTG,Gourde,1988,1988,7006,June,,5.000000000000000,X
HTI,1988-07-01,1988-07-31,93,'332,Haiti,LCU,Local currency units per USD,HTG,Gourde,1988,1988,7007,July,,5.000000000000000,X
HTI,1988-08-01,1988-08-31,93,'332,Haiti,LCU,Local currency units per USD,HTG,Gourde,1988,1988,7008,August,,5.000000000000000,X
HTI,1988-09-01,1988-09-30,93,'332,Haiti,LCU,Local currency units per USD,HTG,Gourde,1988,1988,7009,September,,5.000000000000000,X
HTI,1988-10-01,1988-10-31,93,'332,Haiti,LCU,Local currency units per USD,HTG,Gourde,1988,1988,7010,October,,5.000000000000000,X
HTI,1988-11-01,1988-11-30,93,'332,Haiti,LCU,Local currency units per USD,HTG,Gourde,1988,1988,7011,November,,5.000000000000000,X
HTI,1988-12-01,1988-12-31,93,'332,Haiti,LCU,Local currency units per USD,HTG,Gourde,1988,1988,7012,December,,5.000000000000000,X
HTI,1989-01-01,1989-12-31,93,'332,Haiti,LCU,Local currency units per USD,HTG,Gourde,1989,1989,7021,Annual value,,5.000000000000000,X
HTI,1989-01-01,1989-01-31,93,'332,Haiti,LCU,Local currency units per USD,HTG,Gourde,1989,1989,7001,January,,5.000000000000000,X
HTI,1989-02-01,1989-02-28,93,'332,Haiti,LCU,Local currency units per USD,HTG,Gourde,1989,1989,7002,February,,5.000000000000000,X
HTI,1989-03-01,1989-03-31,93,'332,Haiti,LCU,Local currency units per USD,HTG,Gourde,1989,1989,7003,March,,5.000000000000000,X
HTI,1989-04-01,1989-04-30,93,'332,Haiti,LCU,Local currency units per USD,HTG,Gourde,1989,1989,7004,April,,5.000000000000000,X
HTI,1989-05-01,1989-05-31,93,'332,Haiti,LCU,Local currency units per USD,HTG,Gourde,1989,1989,7005,May,,5.000000000000000,X
HTI,1989-06-01,1989-06-30,93,'332,Haiti,LCU,Local currency units per USD,HTG,Gourde,1989,1989,7006,June,,5.000000000000000,X
HTI,1989-07-01,1989-07-31,93,'332,Haiti,LCU,Local currency units per USD,HTG,Gourde,1989,1989,7007,July,,5.000000000000000,X
HTI,1989-08-01,1989-08-31,93,'332,Haiti,LCU,Local currency units per USD,HTG,Gourde,1989,1989,7008,August,,5.000000000000000,X
HTI,1989-09-01,1989-09-30,93,'332,Haiti,LCU,Local currency units per USD,HTG,Gourde,1989,1989,7009,September,,5.000000000000000,X
HTI,1989-10-01,1989-10-31,93,'332,Haiti,LCU,Local currency units per USD,HTG,Gourde,1989,1989,7010,October,,5.000000000000000,X
HTI,1989-11-01,1989-11-30,93,'332,Haiti,LCU,Local currency units per USD,HTG,Gourde,1989,1989,7011,November,,5.000000000000000,X
HTI,1989-12-01,1989-12-31,93,'332,Haiti,LCU,Local currency units per USD,HTG,Gourde,1989,1989,7012,December,,5.000000000000000,X
HTI,1990-01-01,1990-12-31,93,'332,Haiti,LCU,Local currency units per USD,HTG,Gourde,1990,1990,7021,Annual value,,5.000000000000000,X
HTI,1990-01-01,1990-01-31,93,'332,Haiti,LCU,Local currency units per USD,HTG,Gourde,1990,1990,7001,January,,5.000000000000000,X
HTI,1990-02-01,1990-02-28,93,'332,Haiti,LCU,Local currency units per USD,HTG,Gourde,1990,1990,7002,February,,5.000000000000000,X
HTI,1990-03-01,1990-03-31,93,'332,Haiti,LCU,Local currency units per USD,HTG,Gourde,1990,1990,7003,March,,5.000000000000000,X
HTI,1990-04-01,1990-04-30,93,'332,Haiti,LCU,Local currency units per USD,HTG,Gourde,1990,1990,7004,April,,5.000000000000000,X
HTI,1990-05-01,1990-05-31,93,'332,Haiti,LCU,Local currency units per USD,HTG,Gourde,1990,1990,7005,May,,5.000000000000000,X
HTI,1990-06-01,1990-06-30,93,'332,Haiti,LCU,Local currency units per USD,HTG,Gourde,1990,1990,7006,June,,5.000000000000000,X
HTI,1990-07-01,1990-07-31,93,'332,Haiti,LCU,Local currency units per USD,HTG,Gourde,1990,1990,7007,July,,5.000000000000000,X
HTI,1990-08-01,1990-08-31,93,'332,Haiti,LCU,Local currency units per USD,HTG,Gourde,1990,1990,7008,August,,5.000000000000000,X
HTI,1990-09-01,1990-09-30,93,'332,Haiti,LCU,Local currency units per USD,HTG,Gourde,1990,1990,7009,September,,5.000000000000000,X
HTI,1990-10-01,1990-10-31,93,'332,Haiti,LCU,Local currency units per USD,HTG,Gourde,1990,1990,7010,October,,5.000000000000000,X
HTI,1990-11-01,1990-11-30,93,'332,Haiti,LCU,Local currency units per USD,HTG,Gourde,1990,1990,7011,November,,5.000000000000000,X
HTI,1990-12-01,1990-12-31,93,'332,Haiti,LCU,Local currency units per USD,HTG,Gourde,1990,1990,7012,December,,5.000000000000000,X
HTI,1991-01-01,1991-12-31,93,'332,Haiti,LCU,Local currency units per USD,HTG,Gourde,1991,1991,7021,Annual value,,6.034166666700000,X
HTI,1991-01-01,1991-01-31,93,'332,Haiti,LCU,Local currency units per USD,HTG,Gourde,1991,1991,7001,January,,5.000000000000000,X
HTI,1991-02-01,1991-02-28,93,'332,Haiti,LCU,Local currency units per USD,HTG,Gourde,1991,1991,7002,February,,5.000000000000000,X
HTI,1991-03-01,1991-03-31,93,'332,Haiti,LCU,Local currency units per USD,HTG,Gourde,1991,1991,7003,March,,5.000000000000000,X
HTI,1991-04-01,1991-04-30,93,'332,Haiti,LCU,Local currency units per USD,HTG,Gourde,1991,1991,7004,April,,5.000000000000000,X
HTI,1991-05-01,1991-05-31,93,'332,Haiti,LCU,Local currency units per USD,HTG,Gourde,1991,1991,7005,May,,5.000000000000000,X
HTI,1991-06-01,1991-06-30,93,'332,Haiti,LCU,Local currency units per USD,HTG,Gourde,1991,1991,7006,June,,5.000000000000000,X
HTI,1991-07-01,1991-07-31,93,'332,Haiti,LCU,Local currency units per USD,HTG,Gourde,1991,1991,7007,July,,5.000000000000000,X
HTI,1991-08-01,1991-08-31,93,'332,Haiti,LCU,Local currency units per USD,HTG,Gourde,1991,1991,7008,August,,5.000000000000000,X
HTI,1991-09-01,1991-09-30,93,'332,Haiti,LCU,Local currency units per USD,HTG,Gourde,1991,1991,7009,September,,7.450000000000000,X
HTI,1991-10-01,1991-10-31,93,'332,Haiti,LCU,Local currency units per USD,HTG,Gourde,1991,1991,7010,October,,8.000000000000000,X
HTI,1991-11-01,1991-11-30,93,'332,Haiti,LCU,Local currency units per USD,HTG,Gourde,1991,1991,7011,November,,8.539999999999999,X
HTI,1991-12-01,1991-12-31,93,'332,Haiti,LCU,Local currency units per USD,HTG,Gourde,1991,1991,7012,December,,8.420000000000000,X
HTI,1992-01-01,1992-12-31,93,'332,Haiti,LCU,Local currency units per USD,HTG,Gourde,1992,1992,7021,Annual value,,9.801666666699999,X
HTI,1992-01-01,1992-01-31,93,'332,Haiti,LCU,Local currency units per USD,HTG,Gourde,1992,1992,7001,January,,8.440000000000000,X
HTI,1992-02-01,1992-02-29,93,'332,Haiti,LCU,Local currency units per USD,HTG,Gourde,1992,1992,7002,February,,8.670000000000000,X
HTI,1992-03-01,1992-03-31,93,'332,Haiti,LCU,Local currency units per USD,HTG,Gourde,1992,1992,7003,March,,8.890000000000001,X
HTI,1992-04-01,1992-04-30,93,'332,Haiti,LCU,Local currency units per USD,HTG,Gourde,1992,1992,7004,April,,9.310000000000000,X
HTI,1992-05-01,1992-05-31,93,'332,Haiti,LCU,Local currency units per USD,HTG,Gourde,1992,1992,7005,May,,9.529999999999999,X
HTI,1992-06-01,1992-06-30,93,'332,Haiti,LCU,Local currency units per USD,HTG,Gourde,1992,1992,7006,June,,10.150000000000000,X
HTI,1992-07-01,1992-07-31,93,'332,Haiti,LCU,Local currency units per USD,HTG,Gourde,1992,1992,7007,July,,9.880000000000001,X
HTI,1992-08-01,1992-08-31,93,'332,Haiti,LCU,Local currency units per USD,HTG,Gourde,1992,1992,7008,August,,9.900000000000000,X
HTI,1992-09-01,1992-09-30,93,'332,Haiti,LCU,Local currency units per USD,HTG,Gourde,1992,1992,7009,September,,10.300000000000001,X
HTI,1992-10-01,1992-10-31,93,'332,Haiti,LCU,Local currency units per USD,HTG,Gourde,1992,1992,7010,October,,10.390000000000001,X
HTI,1992-11-01,1992-11-30,93,'332,Haiti,LCU,Local currency units per USD,HTG,Gourde,1992,1992,7011,November,,11.000000000000000,X
HTI,1992-12-01,1992-12-31,93,'332,Haiti,LCU,Local currency units per USD,HTG,Gourde,1992,1992,7012,December,,11.160000000000000,X
HTI,1993-01-01,1993-12-31,93,'332,Haiti,LCU,Local currency units per USD,HTG,Gourde,1993,1993,7021,Annual value,,12.822500000000000,X
HTI,1993-01-01,1993-01-31,93,'332,Haiti,LCU,Local currency units per USD,HTG,Gourde,1993,1993,7001,January,,11.600000000000000,X
HTI,1993-02-01,1993-02-28,93,'332,Haiti,LCU,Local currency units per USD,HTG,Gourde,1993,1993,7002,February,,11.980000000000000,X
HTI,1993-03-01,1993-03-31,93,'332,Haiti,LCU,Local currency units per USD,HTG,Gourde,1993,1993,7003,March,,12.910000000000000,X
HTI,1993-04-01,1993-04-30,93,'332,Haiti,LCU,Local currency units per USD,HTG,Gourde,1993,1993,7004,April,,13.070000000000000,X
HTI,1993-05-01,1993-05-31,93,'332,Haiti,LCU,Local currency units per USD,HTG,Gourde,1993,1993,7005,May,,13.830000000000000,X
HTI,1993-06-01,1993-06-30,93,'332,Haiti,LCU,Local currency units per USD,HTG,Gourde,1993,1993,7006,June,,14.359999999999999,X
HTI,1993-07-01,1993-07-31,93,'332,Haiti,LCU,Local currency units per USD,HTG,Gourde,1993,1993,7007,July,,12.869999999999999,X
HTI,1993-08-01,1993-08-31,93,'332,Haiti,LCU,Local currency units per USD,HTG,Gourde,1993,1993,7008,August,,12.380000000000001,X
HTI,1993-09-01,1993-09-30,93,'332,Haiti,LCU,Local currency units per USD,HTG,Gourde,1993,1993,7009,September,,12.430000000000000,X
HTI,1993-10-01,1993-10-31,93,'332,Haiti,LCU,Local currency units per USD,HTG,Gourde,1993,1993,7010,October,,12.470000000000001,X
HTI,1993-11-01,1993-11-30,93,'332,Haiti,LCU,Local currency units per USD,HTG,Gourde,1993,1993,7011,November,,12.880000000000001,X
HTI,1993-12-01,1993-12-31,93,'332,Haiti,LCU,Local currency units per USD,HTG,Gourde,1993,1993,7012,December,,13.090000000000000,X
HTI,1994-01-01,1994-12-31,93,'332,Haiti,LCU,Local currency units per USD,HTG,Gourde,1994,1994,7021,Annual value,,15.039999999999999,X
HTI,1994-01-01,1994-01-31,93,'332,Haiti,LCU,Local currency units per USD,HTG,Gourde,1994,1994,7001,January,,13.500000000000000,X
HTI,1994-02-01,1994-02-28,93,'332,Haiti,LCU,Local currency units per USD,HTG,Gourde,1994,1994,7002,February,,13.920000000000000,X
HTI,1994-03-01,1994-03-31,93,'332,Haiti,LCU,Local currency units per USD,HTG,Gourde,1994,1994,7003,March,,14.070000000000000,X
HTI,1994-04-01,1994-04-30,93,'332,Haiti,LCU,Local currency units per USD,HTG,Gourde,1994,1994,7004,April,,14.510000000000000,X
HTI,1994-05-01,1994-05-31,93,'332,Haiti,LCU,Local currency units per USD,HTG,Gourde,1994,1994,7005,May,,14.960000000000001,X
HTI,1994-06-01,1994-06-30,93,'332,Haiti,LCU,Local currency units per USD,HTG,Gourde,1994,1994,7006,June,,14.869999999999999,X
HTI,1994-07-01,1994-07-31,93,'332,Haiti,LCU,Local currency units per USD,HTG,Gourde,1994,1994,7007,July,,15.600000000000000,X
HTI,1994-08-01,1994-08-31,93,'332,Haiti,LCU,Local currency units per USD,HTG,Gourde,1994,1994,7008,August,,19.260000000000002,X
HTI,1994-09-01,1994-09-30,93,'332,Haiti,LCU,Local currency units per USD,HTG,Gourde,1994,1994,7009,September,,17.800000000000001,X
HTI,1994-10-01,1994-10-31,93,'332,Haiti,LCU,Local currency units per USD,HTG,Gourde,1994,1994,7010,October,,13.940000000000000,X
HTI,1994-11-01,1994-11-30,93,'332,Haiti,LCU,Local currency units per USD,HTG,Gourde,1994,1994,7011,November,,14.150000000000000,X
HTI,1994-12-01,1994-12-31,93,'332,Haiti,LCU,Local currency units per USD,HTG,Gourde,1994,1994,7012,December,,13.900000000000000,X
HTI,1995-01-01,1995-12-31,93,'332,Haiti,LCU,Local currency units per USD,HTG,Gourde,1995,1995,7021,Annual value,,15.109733333299999,X
HTI,1995-01-01,1995-01-31,93,'332,Haiti,LCU,Local currency units per USD,HTG,Gourde,1995,1995,7001,January,,14.050000000000001,X
HTI,1995-02-01,1995-02-28,93,'332,Haiti,LCU,Local currency units per USD,HTG,Gourde,1995,1995,7002,February,,14.080000000000000,X
HTI,1995-03-01,1995-03-31,93,'332,Haiti,LCU,Local currency units per USD,HTG,Gourde,1995,1995,7003,March,,14.289999999999999,X
HTI,1995-04-01,1995-04-30,93,'332,Haiti,LCU,Local currency units per USD,HTG,Gourde,1995,1995,7004,April,,14.320000000000000,X
HTI,1995-05-01,1995-05-31,93,'332,Haiti,LCU,Local currency units per USD,HTG,Gourde,1995,1995,7005,May,,14.410000000000000,X
HTI,1995-06-01,1995-06-30,93,'332,Haiti,LCU,Local currency units per USD,HTG,Gourde,1995,1995,7006,June,,14.949999999999999,X
HTI,1995-07-01,1995-07-31,93,'332,Haiti,LCU,Local currency units per USD,HTG,Gourde,1995,1995,7007,July,,14.941700000000001,X
HTI,1995-08-01,1995-08-31,93,'332,Haiti,LCU,Local currency units per USD,HTG,Gourde,1995,1995,7008,August,,15.263800000000000,X
HTI,1995-09-01,1995-09-30,93,'332,Haiti,LCU,Local currency units per USD,HTG,Gourde,1995,1995,7009,September,,15.430899999999999,X
HTI,1995-10-01,1995-10-31,93,'332,Haiti,LCU,Local currency units per USD,HTG,Gourde,1995,1995,7010,October,,15.808900000000000,X
HTI,1995-11-01,1995-11-30,93,'332,Haiti,LCU,Local currency units per USD,HTG,Gourde,1995,1995,7011,November,,17.725000000000001,X
HTI,1995-12-01,1995-12-31,93,'332,Haiti,LCU,Local currency units per USD,HTG,Gourde,1995,1995,7012,December,,16.046500000000002,X
HTI,1996-01-01,1996-12-31,93,'332,Haiti,LCU,Local currency units per USD,HTG,Gourde,1996,1996,7021,Annual value,,15.701150000000000,X
HTI,1996-01-01,1996-01-31,93,'332,Haiti,LCU,Local currency units per USD,HTG,Gourde,1996,1996,7001,January,,16.441900000000000,X
HTI,1996-02-01,1996-02-29,93,'332,Haiti,LCU,Local currency units per USD,HTG,Gourde,1996,1996,7002,February,,16.552800000000001,X
HTI,1996-03-01,1996-03-31,93,'332,Haiti,LCU,Local currency units per USD,HTG,Gourde,1996,1996,7003,March,,16.733400000000000,X
HTI,1996-04-01,1996-04-30,93,'332,Haiti,LCU,Local currency units per USD,HTG,Gourde,1996,1996,7004,April,,16.467099999999999,X
HTI,1996-05-01,1996-05-31,93,'332,Haiti,LCU,Local currency units per USD,HTG,Gourde,1996,1996,7005,May,,15.962000000000000,X
HTI,1996-06-01,1996-06-30,93,'332,Haiti,LCU,Local currency units per USD,HTG,Gourde,1996,1996,7006,June,,15.650000000000000,X
HTI,1996-07-01,1996-07-31,93,'332,Haiti,LCU,Local currency units per USD,HTG,Gourde,1996,1996,7007,July,,15.166499999999999,X
HTI,1996-08-01,1996-08-31,93,'332,Haiti,LCU,Local currency units per USD,HTG,Gourde,1996,1996,7008,August,,14.914100000000000,X
HTI,1996-09-01,1996-09-30,93,'332,Haiti,LCU,Local currency units per USD,HTG,Gourde,1996,1996,7009,September,,15.054800000000000,X
HTI,1996-10-01,1996-10-31,93,'332,Haiti,LCU,Local currency units per USD,HTG,Gourde,1996,1996,7010,October,,15.158300000000001,X
HTI,1996-11-01,1996-11-30,93,'332,Haiti,LCU,Local currency units per USD,HTG,Gourde,1996,1996,7011,November,,15.270000000000000,X
HTI,1996-12-01,1996-12-31,93,'332,Haiti,LCU,Local currency units per USD,HTG,Gourde,1996,1996,7012,December,,15.042899999999999,X
HTI,1997-01-01,1997-12-31,93,'332,Haiti,LCU,Local currency units per USD,HTG,Gourde,1997,1997,7021,Annual value,,16.654499999999999,X
HTI,1997-01-01,1997-01-31,93,'332,Haiti,LCU,Local currency units per USD,HTG,Gourde,1997,1997,7001,January,,15.641000000000000,X
HTI,1997-02-01,1997-02-28,93,'332,Haiti,LCU,Local currency units per USD,HTG,Gourde,1997,1997,7002,February,,16.088699999999999,X
HTI,1997-03-01,1997-03-31,93,'332,Haiti,LCU,Local currency units per USD,HTG,Gourde,1997,1997,7003,March,,16.518999999999998,X
HTI,1997-04-01,1997-04-30,93,'332,Haiti,LCU,Local currency units per USD,HTG,Gourde,1997,1997,7004,April,,16.749900000000000,X
HTI,1997-05-01,1997-05-31,93,'332,Haiti,LCU,Local currency units per USD,HTG,Gourde,1997,1997,7005,May,,16.775700000000000,X
HTI,1997-06-01,1997-06-30,93,'332,Haiti,LCU,Local currency units per USD,HTG,Gourde,1997,1997,7006,June,,16.831299999999999,X
HTI,1997-07-01,1997-07-31,93,'332,Haiti,LCU,Local currency units per USD,HTG,Gourde,1997,1997,7007,July,,16.611100000000000,X
HTI,1997-08-01,1997-08-31,93,'332,Haiti,LCU,Local currency units per USD,HTG,Gourde,1997,1997,7008,August,,16.709099999999999,X
HTI,1997-09-01,1997-09-30,93,'332,Haiti,LCU,Local currency units per USD,HTG,Gourde,1997,1997,7009,September,,16.697600000000001,X
HTI,1997-10-01,1997-10-31,93,'332,Haiti,LCU,Local currency units per USD,HTG,Gourde,1997,1997,7010,October,,17.202200000000001,X
HTI,1997-11-01,1997-11-30,93,'332,Haiti,LCU,Local currency units per USD,HTG,Gourde,1997,1997,7011,November,,17.184300000000000,X
HTI,1997-12-01,1997-12-31,93,'332,Haiti,LCU,Local currency units per USD,HTG,Gourde,1997,1997,7012,December,,16.844100000000001,X
HTI,1998-01-01,1998-12-31,93,'332,Haiti,LCU,Local currency units per USD,HTG,Gourde,1998,1998,7021,Annual value,,16.765666666700000,X
HTI,1998-01-01,1998-01-31,93,'332,Haiti,LCU,Local currency units per USD,HTG,Gourde,1998,1998,7001,January,,17.308900000000001,X
HTI,1998-02-01,1998-02-28,93,'332,Haiti,LCU,Local currency units per USD,HTG,Gourde,1998,1998,7002,February,,17.423900000000000,X
HTI,1998-03-01,1998-03-31,93,'332,Haiti,LCU,Local currency units per USD,HTG,Gourde,1998,1998,7003,March,,17.420900000000000,X
HTI,1998-04-01,1998-04-30,93,'332,Haiti,LCU,Local currency units per USD,HTG,Gourde,1998,1998,7004,April,,17.167300000000001,X
HTI,1998-05-01,1998-05-31,93,'332,Haiti,LCU,Local currency units per USD,HTG,Gourde,1998,1998,7005,May,,16.784700000000001,X
HTI,1998-06-01,1998-06-30,93,'332,Haiti,LCU,Local currency units per USD,HTG,Gourde,1998,1998,7006,June,,16.438099999999999,X
HTI,1998-07-01,1998-07-31,93,'332,Haiti,LCU,Local currency units per USD,HTG,Gourde,1998,1998,7007,July,,16.041699999999999,X
HTI,1998-08-01,1998-08-31,93,'332,Haiti,LCU,Local currency units per USD,HTG,Gourde,1998,1998,7008,August,,16.406900000000000,X
HTI,1998-09-01,1998-09-30,93,'332,Haiti,LCU,Local currency units per USD,HTG,Gourde,1998,1998,7009,September,,16.780100000000001,X
HTI,1998-10-01,1998-10-31,93,'332,Haiti,LCU,Local currency units per USD,HTG,Gourde,1998,1998,7010,October,,16.614300000000000,X
HTI,1998-11-01,1998-11-30,93,'332,Haiti,LCU,Local currency units per USD,HTG,Gourde,1998,1998,7011,November,,16.400600000000001,X
HTI,1998-12-01,1998-12-31,93,'332,Haiti,LCU,Local currency units per USD,HTG,Gourde,1998,1998,7012,December,,16.400600000000001,X
HTI,1999-01-01,1999-12-31,93,'332,Haiti,LCU,Local currency units per USD,HTG,Gourde,1999,1999,7021,Annual value,,16.937891666700001,X
HTI,1999-01-01,1999-01-31,93,'332,Haiti,LCU,Local currency units per USD,HTG,Gourde,1999,1999,7001,January,,16.742000000000001,X
HTI,1999-02-01,1999-02-28,93,'332,Haiti,LCU,Local currency units per USD,HTG,Gourde,1999,1999,7002,February,,16.608100000000000,X
HTI,1999-03-01,1999-03-31,93,'332,Haiti,LCU,Local currency units per USD,HTG,Gourde,1999,1999,7003,March,,16.788499999999999,X
HTI,1999-04-01,1999-04-30,93,'332,Haiti,LCU,Local currency units per USD,HTG,Gourde,1999,1999,7004,April,,16.698400000000000,X
HTI,1999-05-01,1999-05-31,93,'332,Haiti,LCU,Local currency units per USD,HTG,Gourde,1999,1999,7005,May,,16.689100000000000,X
HTI,1999-06-01,1999-06-30,93,'332,Haiti,LCU,Local currency units per USD,HTG,Gourde,1999,1999,7006,June,,16.693999999999999,X
HTI,1999-07-01,1999-07-31,93,'332,Haiti,LCU,Local currency units per USD,HTG,Gourde,1999,1999,7007,July,,16.788699999999999,X
HTI,1999-08-01,1999-08-31,93,'332,Haiti,LCU,Local currency units per USD,HTG,Gourde,1999,1999,7008,August,,16.747000000000000,X
HTI,1999-09-01,1999-09-30,93,'332,Haiti,LCU,Local currency units per USD,HTG,Gourde,1999,1999,7009,September,,16.901599999999998,X
HTI,1999-10-01,1999-10-31,93,'332,Haiti,LCU,Local currency units per USD,HTG,Gourde,1999,1999,7010,October,,17.115800000000000,X
HTI,1999-11-01,1999-11-30,93,'332,Haiti,LCU,Local currency units per USD,HTG,Gourde,1999,1999,7011,November,,17.544000000000000,X
HTI,1999-12-01,1999-12-31,93,'332,Haiti,LCU,Local currency units per USD,HTG,Gourde,1999,1999,7012,December,,17.937500000000000,X
HTI,2000-01-01,2000-12-31,93,'332,Haiti,LCU,Local currency units per USD,HTG,Gourde,2000,2000,7021,Annual value,,21.170666666700001,X
HTI,2000-01-01,2000-01-31,93,'332,Haiti,LCU,Local currency units per USD,HTG,Gourde,2000,2000,7001,January,,18.537600000000001,X
HTI,2000-02-01,2000-02-29,93,'332,Haiti,LCU,Local currency units per USD,HTG,Gourde,2000,2000,7002,February,,18.994000000000000,X
HTI,2000-03-01,2000-03-31,93,'332,Haiti,LCU,Local currency units per USD,HTG,Gourde,2000,2000,7003,March,,19.922499999999999,X
HTI,2000-04-01,2000-04-30,93,'332,Haiti,LCU,Local currency units per USD,HTG,Gourde,2000,2000,7004,April,,19.521599999999999,X
HTI,2000-05-01,2000-05-31,93,'332,Haiti,LCU,Local currency units per USD,HTG,Gourde,2000,2000,7005,May,,19.942699999999999,X
HTI,2000-06-01,2000-06-30,93,'332,Haiti,LCU,Local currency units per USD,HTG,Gourde,2000,2000,7006,June,,19.824000000000002,X
HTI,2000-07-01,2000-07-31,93,'332,Haiti,LCU,Local currency units per USD,HTG,Gourde,2000,2000,7007,July,,20.265400000000000,X
HTI,2000-08-01,2000-08-31,93,'332,Haiti,LCU,Local currency units per USD,HTG,Gourde,2000,2000,7008,August,,21.597500000000000,X
HTI,2000-09-01,2000-09-30,93,'332,Haiti,LCU,Local currency units per USD,HTG,Gourde,2000,2000,7009,September,,24.254600000000000,X
HTI,2000-10-01,2000-10-31,93,'332,Haiti,LCU,Local currency units per USD,HTG,Gourde,2000,2000,7010,October,,24.434899999999999,X
HTI,2000-11-01,2000-11-30,93,'332,Haiti,LCU,Local currency units per USD,HTG,Gourde,2000,2000,7011,November,,23.873999999999999,X
HTI,2000-12-01,2000-12-31,93,'332,Haiti,LCU,Local currency units per USD,HTG,Gourde,2000,2000,7012,December,,22.879200000000001,X
HTI,2001-01-01,2001-12-31,93,'332,Haiti,LCU,Local currency units per USD,HTG,Gourde,2001,2001,7021,Annual value,,24.429083333299999,X
HTI,2001-01-01,2001-01-31,93,'332,Haiti,LCU,Local currency units per USD,HTG,Gourde,2001,2001,7001,January,,23.420700000000000,X
HTI,2001-02-01,2001-02-28,93,'332,Haiti,LCU,Local currency units per USD,HTG,Gourde,2001,2001,7002,February,,23.445499999999999,X
HTI,2001-03-01,2001-03-31,93,'332,Haiti,LCU,Local currency units per USD,HTG,Gourde,2001,2001,7003,March,,23.663200000000000,X
HTI,2001-04-01,2001-04-30,93,'332,Haiti,LCU,Local currency units per USD,HTG,Gourde,2001,2001,7004,April,,23.395499999999998,X
HTI,2001-05-01,2001-05-31,93,'332,Haiti,LCU,Local currency units per USD,HTG,Gourde,2001,2001,7005,May,,23.364400000000000,X
HTI,2001-06-01,2001-06-30,93,'332,Haiti,LCU,Local currency units per USD,HTG,Gourde,2001,2001,7006,June,,23.820399999999999,X
HTI,2001-07-01,2001-07-31,93,'332,Haiti,LCU,Local currency units per USD,HTG,Gourde,2001,2001,7007,July,,24.089900000000000,X
HTI,2001-08-01,2001-08-31,93,'332,Haiti,LCU,Local currency units per USD,HTG,Gourde,2001,2001,7008,August,,24.561800000000002,X
HTI,2001-09-01,2001-09-30,93,'332,Haiti,LCU,Local currency units per USD,HTG,Gourde,2001,2001,7009,September,,24.999300000000002,X
HTI,2001-10-01,2001-10-31,93,'332,Haiti,LCU,Local currency units per USD,HTG,Gourde,2001,2001,7010,October,,25.696899999999999,X
HTI,2001-11-01,2001-11-30,93,'332,Haiti,LCU,Local currency units per USD,HTG,Gourde,2001,2001,7011,November,,26.520900000000001,X
HTI,2001-12-01,2001-12-31,93,'332,Haiti,LCU,Local currency units per USD,HTG,Gourde,2001,2001,7012,December,,26.170500000000001,X
HTI,2002-01-01,2002-12-31,93,'332,Haiti,LCU,Local currency units per USD,HTG,Gourde,2002,2002,7021,Annual value,,29.250483333300000,X
HTI,2002-01-01,2002-01-31,93,'332,Haiti,LCU,Local currency units per USD,HTG,Gourde,2002,2002,7001,January,,26.632899999999999,X
HTI,2002-02-01,2002-02-28,93,'332,Haiti,LCU,Local currency units per USD,HTG,Gourde,2002,2002,7002,February,,26.752400000000002,X
HTI,2002-03-01,2002-03-31,93,'332,Haiti,LCU,Local currency units per USD,HTG,Gourde,2002,2002,7003,March,,26.926200000000001,X
HTI,2002-04-01,2002-04-30,93,'332,Haiti,LCU,Local currency units per USD,HTG,Gourde,2002,2002,7004,April,,26.664600000000000,X
HTI,2002-05-01,2002-05-31,93,'332,Haiti,LCU,Local currency units per USD,HTG,Gourde,2002,2002,7005,May,,26.803200000000000,X
HTI,2002-06-01,2002-06-30,93,'332,Haiti,LCU,Local currency units per USD,HTG,Gourde,2002,2002,7006,June,,27.097600000000000,X
HTI,2002-07-01,2002-07-31,93,'332,Haiti,LCU,Local currency units per USD,HTG,Gourde,2002,2002,7007,July,,27.966400000000000,X
HTI,2002-08-01,2002-08-31,93,'332,Haiti,LCU,Local currency units per USD,HTG,Gourde,2002,2002,7008,August,,28.670400000000001,X
HTI,2002-09-01,2002-09-30,93,'332,Haiti,LCU,Local currency units per USD,HTG,Gourde,2002,2002,7009,September,,29.061399999999999,X
HTI,2002-10-01,2002-10-31,93,'332,Haiti,LCU,Local currency units per USD,HTG,Gourde,2002,2002,7010,October,,31.080800000000000,X
HTI,2002-11-01,2002-11-30,93,'332,Haiti,LCU,Local currency units per USD,HTG,Gourde,2002,2002,7011,November,,36.144500000000001,X
HTI,2002-12-01,2002-12-31,93,'332,Haiti,LCU,Local currency units per USD,HTG,Gourde,2002,2002,7012,December,,37.205399999999997,X
HTI,2003-01-01,2003-12-31,93,'332,Haiti,LCU,Local currency units per USD,HTG,Gourde,2003,2003,7021,Annual value,,42.366758333299998,X
HTI,2003-01-01,2003-01-31,93,'332,Haiti,LCU,Local currency units per USD,HTG,Gourde,2003,2003,7001,January,,39.429600000000001,X
HTI,2003-02-01,2003-02-28,93,'332,Haiti,LCU,Local currency units per USD,HTG,Gourde,2003,2003,7002,February,,45.252800000000001,X
HTI,2003-03-01,2003-03-31,93,'332,Haiti,LCU,Local currency units per USD,HTG,Gourde,2003,2003,7003,March,,43.910400000000003,X
HTI,2003-04-01,2003-04-30,93,'332,Haiti,LCU,Local currency units per USD,HTG,Gourde,2003,2003,7004,April,,42.806800000000003,X
HTI,2003-05-01,2003-05-31,93,'332,Haiti,LCU,Local currency units per USD,HTG,Gourde,2003,2003,7005,May,,41.699199999999998,X
HTI,2003-06-01,2003-06-30,93,'332,Haiti,LCU,Local currency units per USD,HTG,Gourde,2003,2003,7006,June,,41.590400000000003,X
HTI,2003-07-01,2003-07-31,93,'332,Haiti,LCU,Local currency units per USD,HTG,Gourde,2003,2003,7007,July,,43.197299999999998,X
HTI,2003-08-01,2003-08-31,93,'332,Haiti,LCU,Local currency units per USD,HTG,Gourde,2003,2003,7008,August,,41.539999999999999,X
HTI,2003-09-01,2003-09-30,93,'332,Haiti,LCU,Local currency units per USD,HTG,Gourde,2003,2003,7009,September,,41.597999999999999,X
HTI,2003-10-01,2003-10-31,93,'332,Haiti,LCU,Local currency units per USD,HTG,Gourde,2003,2003,7010,October,,41.857300000000002,X
HTI,2003-11-01,2003-11-30,93,'332,Haiti,LCU,Local currency units per USD,HTG,Gourde,2003,2003,7011,November,,42.584600000000002,X
HTI,2003-12-01,2003-12-31,93,'332,Haiti,LCU,Local currency units per USD,HTG,Gourde,2003,2003,7012,December,,42.934699999999999,X
HTI,2004-01-01,2004-12-31,93,'332,Haiti,LCU,Local currency units per USD,HTG,Gourde,2004,2004,7021,Annual value,,38.352033333300000,X
HTI,2004-01-01,2004-01-31,93,'332,Haiti,LCU,Local currency units per USD,HTG,Gourde,2004,2004,7001,January,,43.442799999999998,X
HTI,2004-02-01,2004-02-29,93,'332,Haiti,LCU,Local currency units per USD,HTG,Gourde,2004,2004,7002,February,,43.929900000000003,X
HTI,2004-03-01,2004-03-31,93,'332,Haiti,LCU,Local currency units per USD,HTG,Gourde,2004,2004,7003,March,,40.670200000000001,X
HTI,2004-04-01,2004-04-30,93,'332,Haiti,LCU,Local currency units per USD,HTG,Gourde,2004,2004,7004,April,,38.161799999999999,X
HTI,2004-05-01,2004-05-31,93,'332,Haiti,LCU,Local currency units per USD,HTG,Gourde,2004,2004,7005,May,,37.397100000000002,X
HTI,2004-06-01,2004-06-30,93,'332,Haiti,LCU,Local currency units per USD,HTG,Gourde,2004,2004,7006,June,,36.302199999999999,X
HTI,2004-07-01,2004-07-31,93,'332,Haiti,LCU,Local currency units per USD,HTG,Gourde,2004,2004,7007,July,,36.044100000000000,X
HTI,2004-08-01,2004-08-31,93,'332,Haiti,LCU,Local currency units per USD,HTG,Gourde,2004,2004,7008,August,,36.261800000000001,X
HTI,2004-09-01,2004-09-30,93,'332,Haiti,LCU,Local currency units per USD,HTG,Gourde,2004,2004,7009,September,,36.608199999999997,X
HTI,2004-10-01,2004-10-31,93,'332,Haiti,LCU,Local currency units per USD,HTG,Gourde,2004,2004,7010,October,,36.748199999999997,X
HTI,2004-11-01,2004-11-30,93,'332,Haiti,LCU,Local currency units per USD,HTG,Gourde,2004,2004,7011,November,,37.174599999999998,X
HTI,2004-12-01,2004-12-31,93,'332,Haiti,LCU,Local currency units per USD,HTG,Gourde,2004,2004,7012,December,,37.483499999999999,X
HTI,2005-01-01,2005-12-31,93,'332,Haiti,LCU,Local currency units per USD,HTG,Gourde,2005,2005,7021,Annual value,,40.448549999999997,X
HTI,2005-01-01,2005-01-31,93,'332,Haiti,LCU,Local currency units per USD,HTG,Gourde,2005,2005,7001,January,,37.600800000000000,X
HTI,2005-02-01,2005-02-28,93,'332,Haiti,LCU,Local currency units per USD,HTG,Gourde,2005,2005,7002,February,,37.742300000000000,X
HTI,2005-03-01,2005-03-31,93,'332,Haiti,LCU,Local currency units per USD,HTG,Gourde,2005,2005,7003,March,,38.079000000000001,X
HTI,2005-04-01,2005-04-30,93,'332,Haiti,LCU,Local currency units per USD,HTG,Gourde,2005,2005,7004,April,,38.621200000000002,X
HTI,2005-05-01,2005-05-31,93,'332,Haiti,LCU,Local currency units per USD,HTG,Gourde,2005,2005,7005,May,,38.655099999999997,X
HTI,2005-06-01,2005-06-30,93,'332,Haiti,LCU,Local currency units per USD,HTG,Gourde,2005,2005,7006,June,,39.176800000000000,X
HTI,2005-07-01,2005-07-31,93,'332,Haiti,LCU,Local currency units per USD,HTG,Gourde,2005,2005,7007,July,,41.544800000000002,X
HTI,2005-08-01,2005-08-31,93,'332,Haiti,LCU,Local currency units per USD,HTG,Gourde,2005,2005,7008,August,,42.595700000000001,X
HTI,2005-09-01,2005-09-30,93,'332,Haiti,LCU,Local currency units per USD,HTG,Gourde,2005,2005,7009,September,,42.386200000000002,X
HTI,2005-10-01,2005-10-31,93,'332,Haiti,LCU,Local currency units per USD,HTG,Gourde,2005,2005,7010,October,,42.988500000000002,X
HTI,2005-11-01,2005-11-30,93,'332,Haiti,LCU,Local currency units per USD,HTG,Gourde,2005,2005,7011,November,,43.008400000000002,X
HTI,2005-12-01,2005-12-31,93,'332,Haiti,LCU,Local currency units per USD,HTG,Gourde,2005,2005,7012,December,,42.983800000000002,X
HTI,2006-01-01,2006-12-31,93,'332,Haiti,LCU,Local currency units per USD,HTG,Gourde,2006,2006,7021,Annual value,,40.408516666700002,X
HTI,2006-01-01,2006-01-31,93,'332,Haiti,LCU,Local currency units per USD,HTG,Gourde,2006,2006,7001,January,,43.367400000000004,X
HTI,2006-02-01,2006-02-28,93,'332,Haiti,LCU,Local currency units per USD,HTG,Gourde,2006,2006,7002,February,,43.052599999999998,X
HTI,2006-03-01,2006-03-31,93,'332,Haiti,LCU,Local currency units per USD,HTG,Gourde,2006,2006,7003,March,,42.689000000000000,X
HTI,2006-04-01,2006-04-30,93,'332,Haiti,LCU,Local currency units per USD,HTG,Gourde,2006,2006,7004,April,,42.145899999999997,X
HTI,2006-05-01,2006-05-31,93,'332,Haiti,LCU,Local currency units per USD,HTG,Gourde,2006,2006,7005,May,,39.487400000000001,X
HTI,2006-06-01,2006-06-30,93,'332,Haiti,LCU,Local currency units per USD,HTG,Gourde,2006,2006,7006,June,,39.580500000000001,X
HTI,2006-07-01,2006-07-31,93,'332,Haiti,LCU,Local currency units per USD,HTG,Gourde,2006,2006,7007,July,,39.901000000000003,X
HTI,2006-08-01,2006-08-31,93,'332,Haiti,LCU,Local currency units per USD,HTG,Gourde,2006,2006,7008,August,,39.103000000000002,X
HTI,2006-09-01,2006-09-30,93,'332,Haiti,LCU,Local currency units per USD,HTG,Gourde,2006,2006,7009,September,,39.075699999999998,X
HTI,2006-10-01,2006-10-31,93,'332,Haiti,LCU,Local currency units per USD,HTG,Gourde,2006,2006,7010,October,,39.102400000000003,X
HTI,2006-11-01,2006-11-30,93,'332,Haiti,LCU,Local currency units per USD,HTG,Gourde,2006,2006,7011,November,,39.082900000000002,X
HTI,2006-12-01,2006-12-31,93,'332,Haiti,LCU,Local currency units per USD,HTG,Gourde,2006,2006,7012,December,,38.314399999999999,X
HTI,2007-01-01,2007-12-31,93,'332,Haiti,LCU,Local currency units per USD,HTG,Gourde,2007,2007,7021,Annual value,,36.861416666700002,X
HTI,2007-01-01,2007-01-31,93,'332,Haiti,LCU,Local currency units per USD,HTG,Gourde,2007,2007,7001,January,,38.377099999999999,X
HTI,2007-02-01,2007-02-28,93,'332,Haiti,LCU,Local currency units per USD,HTG,Gourde,2007,2007,7002,February,,38.459299999999999,X
HTI,2007-03-01,2007-03-31,93,'332,Haiti,LCU,Local currency units per USD,HTG,Gourde,2007,2007,7003,March,,37.997900000000001,X
HTI,2007-04-01,2007-04-30,93,'332,Haiti,LCU,Local currency units per USD,HTG,Gourde,2007,2007,7004,April,,36.931300000000000,X
HTI,2007-05-01,2007-05-31,93,'332,Haiti,LCU,Local currency units per USD,HTG,Gourde,2007,2007,7005,May,,36.858400000000003,X
HTI,2007-06-01,2007-06-30,93,'332,Haiti,LCU,Local currency units per USD,HTG,Gourde,2007,2007,7006,June,,36.280500000000004,X
HTI,2007-07-01,2007-07-31,93,'332,Haiti,LCU,Local currency units per USD,HTG,Gourde,2007,2007,7007,July,,35.615200000000002,X
HTI,2007-08-01,2007-08-31,93,'332,Haiti,LCU,Local currency units per USD,HTG,Gourde,2007,2007,7008,August,,35.689700000000002,X
HTI,2007-09-01,2007-09-30,93,'332,Haiti,LCU,Local currency units per USD,HTG,Gourde,2007,2007,7009,September,,36.088799999999999,X
HTI,2007-10-01,2007-10-31,93,'332,Haiti,LCU,Local currency units per USD,HTG,Gourde,2007,2007,7010,October,,36.216000000000001,X
HTI,2007-11-01,2007-11-30,93,'332,Haiti,LCU,Local currency units per USD,HTG,Gourde,2007,2007,7011,November,,36.764299999999999,X
HTI,2007-12-01,2007-12-31,93,'332,Haiti,LCU,Local currency units per USD,HTG,Gourde,2007,2007,7012,December,,37.058500000000002,X
HTI,2008-01-01,2008-12-31,93,'332,Haiti,LCU,Local currency units per USD,HTG,Gourde,2008,2008,7021,Annual value,,39.107591666700003,X
HTI,2008-01-01,2008-01-31,93,'332,Haiti,LCU,Local currency units per USD,HTG,Gourde,2008,2008,7001,January,,37.191099999999999,X
HTI,2008-02-01,2008-02-29,93,'332,Haiti,LCU,Local currency units per USD,HTG,Gourde,2008,2008,7002,February,,37.600400000000000,X
HTI,2008-03-01,2008-03-31,93,'332,Haiti,LCU,Local currency units per USD,HTG,Gourde,2008,2008,7003,March,,38.288100000000000,X
HTI,2008-04-01,2008-04-30,93,'332,Haiti,LCU,Local currency units per USD,HTG,Gourde,2008,2008,7004,April,,38.626100000000001,X
HTI,2008-05-01,2008-05-31,93,'332,Haiti,LCU,Local currency units per USD,HTG,Gourde,2008,2008,7005,May,,38.680100000000003,X
HTI,2008-06-01,2008-06-30,93,'332,Haiti,LCU,Local currency units per USD,HTG,Gourde,2008,2008,7006,June,,39.239899999999999,X
HTI,2008-07-01,2008-07-31,93,'332,Haiti,LCU,Local currency units per USD,HTG,Gourde,2008,2008,7007,July,,39.669499999999999,X
HTI,2008-08-01,2008-08-31,93,'332,Haiti,LCU,Local currency units per USD,HTG,Gourde,2008,2008,7008,August,,39.855600000000003,X
HTI,2008-09-01,2008-09-30,93,'332,Haiti,LCU,Local currency units per USD,HTG,Gourde,2008,2008,7009,September,,40.009500000000003,X
HTI,2008-10-01,2008-10-31,93,'332,Haiti,LCU,Local currency units per USD,HTG,Gourde,2008,2008,7010,October,,39.817300000000003,X
HTI,2008-11-01,2008-11-30,93,'332,Haiti,LCU,Local currency units per USD,HTG,Gourde,2008,2008,7011,November,,40.107599999999998,X
HTI,2008-12-01,2008-12-31,93,'332,Haiti,LCU,Local currency units per USD,HTG,Gourde,2008,2008,7012,December,,40.205900000000000,X
HTI,2009-01-01,2009-12-31,93,'332,Haiti,LCU,Local currency units per USD,HTG,Gourde,2009,2009,7021,Annual value,,41.197608333300003,X
HTI,2009-01-01,2009-01-31,93,'332,Haiti,LCU,Local currency units per USD,HTG,Gourde,2009,2009,7001,January,,40.194899999999997,X
HTI,2009-02-01,2009-02-28,93,'332,Haiti,LCU,Local currency units per USD,HTG,Gourde,2009,2009,7002,February,,40.455500000000001,X
HTI,2009-03-01,2009-03-31,93,'332,Haiti,LCU,Local currency units per USD,HTG,Gourde,2009,2009,7003,March,,40.582900000000002,X
HTI,2009-04-01,2009-04-30,93,'332,Haiti,LCU,Local currency units per USD,HTG,Gourde,2009,2009,7004,April,,40.751100000000001,X
HTI,2009-05-01,2009-05-31,93,'332,Haiti,LCU,Local currency units per USD,HTG,Gourde,2009,2009,7005,May,,40.809699999999999,X
HTI,2009-06-01,2009-06-30,93,'332,Haiti,LCU,Local currency units per USD,HTG,Gourde,2009,2009,7006,June,,40.969499999999996,X
HTI,2009-07-01,2009-07-31,93,'332,Haiti,LCU,Local currency units per USD,HTG,Gourde,2009,2009,7007,July,,41.280299999999997,X
HTI,2009-08-01,2009-08-31,93,'332,Haiti,LCU,Local currency units per USD,HTG,Gourde,2009,2009,7008,August,,41.454099999999997,X
HTI,2009-09-01,2009-09-30,93,'332,Haiti,LCU,Local currency units per USD,HTG,Gourde,2009,2009,7009,September,,41.561700000000002,X
HTI,2009-10-01,2009-10-31,93,'332,Haiti,LCU,Local currency units per USD,HTG,Gourde,2009,2009,7010,October,,41.881700000000002,X
HTI,2009-11-01,2009-11-30,93,'332,Haiti,LCU,Local currency units per USD,HTG,Gourde,2009,2009,7011,November,,42.174399999999999,X
HTI,2009-12-01,2009-12-31,93,'332,Haiti,LCU,Local currency units per USD,HTG,Gourde,2009,2009,7012,December,,42.255499999999998,X
HTI,2010-01-01,2010-12-31,93,'332,Haiti,LCU,Local currency units per USD,HTG,Gourde,2010,2010,7021,Annual value,,39.797400000000003,X
HTI,2010-01-01,2010-01-31,93,'332,Haiti,LCU,Local currency units per USD,HTG,Gourde,2010,2010,7001,January,,40.580700000000000,X
HTI,2010-02-01,2010-02-28,93,'332,Haiti,LCU,Local currency units per USD,HTG,Gourde,2010,2010,7002,February,,38.572800000000001,X
HTI,2010-03-01,2010-03-31,93,'332,Haiti,LCU,Local currency units per USD,HTG,Gourde,2010,2010,7003,March,,39.483300000000000,X
HTI,2010-04-01,2010-04-30,93,'332,Haiti,LCU,Local currency units per USD,HTG,Gourde,2010,2010,7004,April,,39.631200000000000,X
HTI,2010-05-01,2010-05-31,93,'332,Haiti,LCU,Local currency units per USD,HTG,Gourde,2010,2010,7005,May,,39.759799999999998,X
HTI,2010-06-01,2010-06-30,93,'332,Haiti,LCU,Local currency units per USD,HTG,Gourde,2010,2010,7006,June,,39.817100000000003,X
HTI,2010-07-01,2010-07-31,93,'332,Haiti,LCU,Local currency units per USD,HTG,Gourde,2010,2010,7007,July,,39.826300000000003,X
HTI,2010-08-01,2010-08-31,93,'332,Haiti,LCU,Local currency units per USD,HTG,Gourde,2010,2010,7008,August,,39.832999999999998,X
HTI,2010-09-01,2010-09-30,93,'332,Haiti,LCU,Local currency units per USD,HTG,Gourde,2010,2010,7009,September,,39.899500000000003,X
HTI,2010-10-01,2010-10-31,93,'332,Haiti,LCU,Local currency units per USD,HTG,Gourde,2010,2010,7010,October,,39.966099999999997,X
HTI,2010-11-01,2010-11-30,93,'332,Haiti,LCU,Local currency units per USD,HTG,Gourde,2010,2010,7011,November,,40.137900000000002,X
HTI,2010-12-01,2010-12-31,93,'332,Haiti,LCU,Local currency units per USD,HTG,Gourde,2010,2010,7012,December,,40.061100000000003,X
HTI,2011-01-01,2011-12-31,93,'332,Haiti,LCU,Local currency units per USD,HTG,Gourde,2011,2011,7021,Annual value,,40.522821939374403,X
HTI,2011-01-01,2011-01-31,93,'332,Haiti,LCU,Local currency units per USD,HTG,Gourde,2011,2011,7001,January,,40.205700000000000,X
HTI,2011-02-01,2011-02-28,93,'332,Haiti,LCU,Local currency units per USD,HTG,Gourde,2011,2011,7002,February,,40.410100000000000,X
HTI,2011-03-01,2011-03-31,93,'332,Haiti,LCU,Local currency units per USD,HTG,Gourde,2011,2011,7003,March,,40.235399999999999,X
HTI,2011-04-01,2011-04-30,93,'332,Haiti,LCU,Local currency units per USD,HTG,Gourde,2011,2011,7004,April,,40.253700000000002,X
HTI,2011-05-01,2011-05-31,93,'332,Haiti,LCU,Local currency units per USD,HTG,Gourde,2011,2011,7005,May,,40.275700000000000,X
HTI,2011-06-01,2011-06-30,93,'332,Haiti,LCU,Local currency units per USD,HTG,Gourde,2011,2011,7006,June,,40.299100000000003,X
HTI,2011-07-01,2011-07-31,93,'332,Haiti,LCU,Local currency units per USD,HTG,Gourde,2011,2011,7007,July,,40.358199999999997,X
HTI,2011-08-01,2011-08-31,93,'332,Haiti,LCU,Local currency units per USD,HTG,Gourde,2011,2011,7008,August,,40.529499999999999,X
HTI,2011-09-01,2011-09-30,93,'332,Haiti,LCU,Local currency units per USD,HTG,Gourde,2011,2011,7009,September,,40.749000000000002,X
HTI,2011-10-01,2011-10-31,93,'332,Haiti,LCU,Local currency units per USD,HTG,Gourde,2011,2011,7010,October,,40.896299999999997,X
HTI,2011-11-01,2011-11-30,93,'332,Haiti,LCU,Local currency units per USD,HTG,Gourde,2011,2011,7011,November,,41.047100000000000,X
HTI,2011-12-01,2011-12-31,93,'332,Haiti,LCU,Local currency units per USD,HTG,Gourde,2011,2011,7012,December,,41.014063272493303,X
HTI,2012-01-01,2012-12-31,93,'332,Haiti,LCU,Local currency units per USD,HTG,Gourde,2012,2012,7021,Annual value,,41.949722952315597,X
HTI,2012-01-01,2012-01-31,93,'332,Haiti,LCU,Local currency units per USD,HTG,Gourde,2012,2012,7001,January,,41.173299999999998,X
HTI,2012-02-01,2012-02-29,93,'332,Haiti,LCU,Local currency units per USD,HTG,Gourde,2012,2012,7002,February,,41.435600000000001,X
HTI,2012-03-01,2012-03-31,93,'332,Haiti,LCU,Local currency units per USD,HTG,Gourde,2012,2012,7003,March,,41.578527060985500,X
HTI,2012-04-01,2012-04-30,93,'332,Haiti,LCU,Local currency units per USD,HTG,Gourde,2012,2012,7004,April,,41.632399999999997,X
HTI,2012-05-01,2012-05-31,93,'332,Haiti,LCU,Local currency units per USD,HTG,Gourde,2012,2012,7005,May,,41.807499999999997,X
HTI,2012-06-01,2012-06-30,93,'332,Haiti,LCU,Local currency units per USD,HTG,Gourde,2012,2012,7006,June,,41.991671550936900,X
HTI,2012-07-01,2012-07-31,93,'332,Haiti,LCU,Local currency units per USD,HTG,Gourde,2012,2012,7007,July,,41.993976815864599,X
HTI,2012-08-01,2012-08-31,93,'332,Haiti,LCU,Local currency units per USD,HTG,Gourde,2012,2012,7008,August,,42.107399999999998,X
HTI,2012-09-01,2012-09-30,93,'332,Haiti,LCU,Local currency units per USD,HTG,Gourde,2012,2012,7009,September,,42.260599999999997,X
HTI,2012-10-01,2012-10-31,93,'332,Haiti,LCU,Local currency units per USD,HTG,Gourde,2012,2012,7010,October,,42.357799999999997,X
HTI,2012-11-01,2012-11-30,93,'332,Haiti,LCU,Local currency units per USD,HTG,Gourde,2012,2012,7011,November,,42.499200000000002,X
HTI,2012-12-01,2012-12-31,93,'332,Haiti,LCU,Local currency units per USD,HTG,Gourde,2012,2012,7012,December,,42.558700000000002,X
HTI,2013-01-01,2013-12-31,93,'332,Haiti,LCU,Local currency units per USD,HTG,Gourde,2013,2013,7021,Annual value,,43.462783333333299,X
HTI,2013-01-01,2013-01-31,93,'332,Haiti,LCU,Local currency units per USD,HTG,Gourde,2013,2013,7001,January,,42.645699999999998,X
HTI,2013-02-01,2013-02-28,93,'332,Haiti,LCU,Local currency units per USD,HTG,Gourde,2013,2013,7002,February,,42.828400000000002,X
HTI,2013-03-01,2013-03-31,93,'332,Haiti,LCU,Local currency units per USD,HTG,Gourde,2013,2013,7003,March,,42.941400000000002,X
HTI,2013-04-01,2013-04-30,93,'332,Haiti,LCU,Local currency units per USD,HTG,Gourde,2013,2013,7004,April,,43.183399999999999,X
HTI,2013-05-01,2013-05-31,93,'332,Haiti,LCU,Local currency units per USD,HTG,Gourde,2013,2013,7005,May,,43.479100000000003,X
HTI,2013-06-01,2013-06-30,93,'332,Haiti,LCU,Local currency units per USD,HTG,Gourde,2013,2013,7006,June,,43.722900000000003,X
HTI,2013-07-01,2013-07-31,93,'332,Haiti,LCU,Local currency units per USD,HTG,Gourde,2013,2013,7007,July,,43.753399999999999,X
HTI,2013-08-01,2013-08-31,93,'332,Haiti,LCU,Local currency units per USD,HTG,Gourde,2013,2013,7008,August,,43.774099999999997,X
HTI,2013-09-01,2013-09-30,93,'332,Haiti,LCU,Local currency units per USD,HTG,Gourde,2013,2013,7009,September,,43.759000000000000,X
HTI,2013-10-01,2013-10-31,93,'332,Haiti,LCU,Local currency units per USD,HTG,Gourde,2013,2013,7010,October,,43.774099999999997,X
HTI,2013-11-01,2013-11-30,93,'332,Haiti,LCU,Local currency units per USD,HTG,Gourde,2013,2013,7011,November,,43.805599999999998,X
HTI,2013-12-01,2013-12-31,93,'332,Haiti,LCU,Local currency units per USD,HTG,Gourde,2013,2013,7012,December,,43.886299999999999,X
HTI,2014-01-01,2014-12-31,93,'332,Haiti,LCU,Local currency units per USD,HTG,Gourde,2014,2014,7021,Annual value,,45.215980892379200,X
HTI,2014-01-01,2014-01-31,93,'332,Haiti,LCU,Local currency units per USD,HTG,Gourde,2014,2014,7001,January,,43.899410239230797,X
HTI,2014-02-01,2014-02-28,93,'332,Haiti,LCU,Local currency units per USD,HTG,Gourde,2014,2014,7002,February,,44.148377145244801,X
HTI,2014-03-01,2014-03-31,93,'332,Haiti,LCU,Local currency units per USD,HTG,Gourde,2014,2014,7003,March,,44.512183324075302,X
HTI,2014-04-01,2014-04-30,93,'332,Haiti,LCU,Local currency units per USD,HTG,Gourde,2014,2014,7004,April,,44.842799999999997,X
HTI,2014-05-01,2014-05-31,93,'332,Haiti,LCU,Local currency units per USD,HTG,Gourde,2014,2014,7005,May,,45.193899999999999,X
HTI,2014-06-01,2014-06-30,93,'332,Haiti,LCU,Local currency units per USD,HTG,Gourde,2014,2014,7006,June,,45.326400000000000,X
HTI,2014-07-01,2014-07-31,93,'332,Haiti,LCU,Local currency units per USD,HTG,Gourde,2014,2014,7007,July,,45.248199999999997,X
HTI,2014-08-01,2014-08-31,93,'332,Haiti,LCU,Local currency units per USD,HTG,Gourde,2014,2014,7008,August,,45.361899999999999,X
HTI,2014-09-01,2014-09-30,93,'332,Haiti,LCU,Local currency units per USD,HTG,Gourde,2014,2014,7009,September,,45.486699999999999,X
HTI,2014-10-01,2014-10-31,93,'332,Haiti,LCU,Local currency units per USD,HTG,Gourde,2014,2014,7010,October,,45.680999999999997,X
HTI,2014-11-01,2014-11-30,93,'332,Haiti,LCU,Local currency units per USD,HTG,Gourde,2014,2014,7011,November,,46.176400000000001,X
HTI,2014-12-01,2014-12-31,93,'332,Haiti,LCU,Local currency units per USD,HTG,Gourde,2014,2014,7012,December,,46.714500000000001,X
HTI,2015-01-01,2015-12-31,93,'332,Haiti,LCU,Local currency units per USD,HTG,Gourde,2015,2015,7021,Annual value,,50.706426673943902,X
HTI,2015-01-01,2015-01-31,93,'332,Haiti,LCU,Local currency units per USD,HTG,Gourde,2015,2015,7001,January,,46.777120087327297,X
HTI,2015-02-01,2015-02-28,93,'332,Haiti,LCU,Local currency units per USD,HTG,Gourde,2015,2015,7002,February,,46.999299999999998,X
HTI,2015-03-01,2015-03-31,93,'332,Haiti,LCU,Local currency units per USD,HTG,Gourde,2015,2015,7003,March,,47.130200000000002,X
HTI,2015-04-01,2015-04-30,93,'332,Haiti,LCU,Local currency units per USD,HTG,Gourde,2015,2015,7004,April,,47.256799999999998,X
HTI,2015-05-01,2015-05-31,93,'332,Haiti,LCU,Local currency units per USD,HTG,Gourde,2015,2015,7005,May,,47.729199999999999,X
HTI,2015-06-01,2015-06-30,93,'332,Haiti,LCU,Local currency units per USD,HTG,Gourde,2015,2015,7006,June,,49.411400000000000,X
HTI,2015-07-01,2015-07-31,93,'332,Haiti,LCU,Local currency units per USD,HTG,Gourde,2015,2015,7007,July,,54.947600000000001,X
HTI,2015-08-01,2015-08-31,93,'332,Haiti,LCU,Local currency units per USD,HTG,Gourde,2015,2015,7008,August,,52.050500000000000,X
HTI,2015-09-01,2015-09-30,93,'332,Haiti,LCU,Local currency units per USD,HTG,Gourde,2015,2015,7009,September,,51.811200000000000,X
HTI,2015-10-01,2015-10-31,93,'332,Haiti,LCU,Local currency units per USD,HTG,Gourde,2015,2015,7010,October,,52.851300000000002,X
HTI,2015-11-01,2015-11-30,93,'332,Haiti,LCU,Local currency units per USD,HTG,Gourde,2015,2015,7011,November,,54.969900000000003,X
HTI,2015-12-01,2015-12-31,93,'332,Haiti,LCU,Local currency units per USD,HTG,Gourde,2015,2015,7012,December,,56.542600000000000,X
HTI,2016-01-01,2016-12-31,93,'332,Haiti,LCU,Local currency units per USD,HTG,Gourde,2016,2016,7021,Annual value,,63.335818369892401,X
HTI,2016-01-01,2016-01-31,93,'332,Haiti,LCU,Local currency units per USD,HTG,Gourde,2016,2016,7001,January,,58.156399999999998,X
HTI,2016-02-01,2016-02-29,93,'332,Haiti,LCU,Local currency units per USD,HTG,Gourde,2016,2016,7002,February,,60.462000000000003,X
HTI,2016-03-01,2016-03-31,93,'332,Haiti,LCU,Local currency units per USD,HTG,Gourde,2016,2016,7003,March,,61.673600000000000,X
HTI,2016-04-01,2016-04-30,93,'332,Haiti,LCU,Local currency units per USD,HTG,Gourde,2016,2016,7004,April,,61.824800000000003,X
HTI,2016-05-01,2016-05-31,93,'332,Haiti,LCU,Local currency units per USD,HTG,Gourde,2016,2016,7005,May,,62.070099999999996,X
HTI,2016-06-01,2016-06-30,93,'332,Haiti,LCU,Local currency units per USD,HTG,Gourde,2016,2016,7006,June,,62.584899999999997,X
HTI,2016-07-01,2016-07-31,93,'332,Haiti,LCU,Local currency units per USD,HTG,Gourde,2016,2016,7007,July,,63.331299999999999,X
HTI,2016-08-01,2016-08-31,93,'332,Haiti,LCU,Local currency units per USD,HTG,Gourde,2016,2016,7008,August,,64.361400000000003,X
HTI,2016-09-01,2016-09-30,93,'332,Haiti,LCU,Local currency units per USD,HTG,Gourde,2016,2016,7009,September,,65.648047678486293,X
HTI,2016-10-01,2016-10-31,93,'332,Haiti,LCU,Local currency units per USD,HTG,Gourde,2016,2016,7010,October,,65.897372760222296,X
HTI,2016-11-01,2016-11-30,93,'332,Haiti,LCU,Local currency units per USD,HTG,Gourde,2016,2016,7011,November,,66.763999999999996,X
HTI,2016-12-01,2016-12-31,93,'332,Haiti,LCU,Local currency units per USD,HTG,Gourde,2016,2016,7012,December,,67.255899999999997,X
HTI,2017-01-01,2017-12-31,93,'332,Haiti,LCU,Local currency units per USD,HTG,Gourde,2017,2017,7021,Annual value,,64.769680284992802,X
HTI,2017-01-01,2017-01-31,93,'332,Haiti,LCU,Local currency units per USD,HTG,Gourde,2017,2017,7001,January,,67.613600000000005,X
HTI,2017-02-01,2017-02-28,93,'332,Haiti,LCU,Local currency units per USD,HTG,Gourde,2017,2017,7002,February,,68.107600000000005,X
HTI,2017-03-01,2017-03-31,93,'332,Haiti,LCU,Local currency units per USD,HTG,Gourde,2017,2017,7003,March,,68.999668181818194,X
HTI,2017-04-01,2017-04-30,93,'332,Haiti,LCU,Local currency units per USD,HTG,Gourde,2017,2017,7004,April,,68.841300000000004,X
HTI,2017-05-01,2017-05-31,93,'332,Haiti,LCU,Local currency units per USD,HTG,Gourde,2017,2017,7005,May,,64.138000000000005,X
HTI,2017-06-01,2017-06-30,93,'332,Haiti,LCU,Local currency units per USD,HTG,Gourde,2017,2017,7006,June,,62.202100000000001,X
HTI,2017-07-01,2017-07-31,93,'332,Haiti,LCU,Local currency units per USD,HTG,Gourde,2017,2017,7007,July,,62.478999999999999,X
HTI,2017-08-01,2017-08-31,93,'332,Haiti,LCU,Local currency units per USD,HTG,Gourde,2017,2017,7008,August,,62.605100000000000,X
HTI,2017-09-01,2017-09-30,93,'332,Haiti,LCU,Local currency units per USD,HTG,Gourde,2017,2017,7009,September,,62.764000000000003,X
HTI,2017-10-01,2017-10-31,93,'332,Haiti,LCU,Local currency units per USD,HTG,Gourde,2017,2017,7010,October,,62.845295238095197,X
HTI,2017-11-01,2017-11-30,93,'332,Haiti,LCU,Local currency units per USD,HTG,Gourde,2017,2017,7011,November,,63.122599999999998,X
HTI,2017-12-01,2017-12-31,93,'332,Haiti,LCU,Local currency units per USD,HTG,Gourde,2017,2017,7012,December,,63.517899999999997,X
HTI,2018-01-01,2018-12-31,93,'332,Haiti,LCU,Local currency units per USD,HTG,Gourde,2018,2018,7021,Annual value,,68.031753981281199,X
HTI,2018-01-01,2018-01-31,93,'332,Haiti,LCU,Local currency units per USD,HTG,Gourde,2018,2018,7001,January,,63.760399999999997,X
HTI,2018-02-01,2018-02-28,93,'332,Haiti,LCU,Local currency units per USD,HTG,Gourde,2018,2018,7002,February,,64.048900000000003,X
HTI,2018-03-01,2018-03-31,93,'332,Haiti,LCU,Local currency units per USD,HTG,Gourde,2018,2018,7003,March,,64.800600000000003,X
HTI,2018-04-01,2018-04-30,93,'332,Haiti,LCU,Local currency units per USD,HTG,Gourde,2018,2018,7004,April,,65.408400000000000,X
HTI,2018-05-01,2018-05-31,93,'332,Haiti,LCU,Local currency units per USD,HTG,Gourde,2018,2018,7005,May,,65.857200000000006,X
HTI,2018-06-01,2018-06-30,93,'332,Haiti,LCU,Local currency units per USD,HTG,Gourde,2018,2018,7006,June,,66.458200000000005,X
HTI,2018-07-01,2018-07-31,93,'332,Haiti,LCU,Local currency units per USD,HTG,Gourde,2018,2018,7007,July,,67.250799999999998,X
HTI,2018-08-01,2018-08-31,93,'332,Haiti,LCU,Local currency units per USD,HTG,Gourde,2018,2018,7008,August,,68.456100000000006,X
HTI,2018-09-01,2018-09-30,93,'332,Haiti,LCU,Local currency units per USD,HTG,Gourde,2018,2018,7009,September,,69.458961346580395,X
HTI,2018-10-01,2018-10-31,93,'332,Haiti,LCU,Local currency units per USD,HTG,Gourde,2018,2018,7010,October,,71.106786561428294,X
HTI,2018-11-01,2018-11-30,93,'332,Haiti,LCU,Local currency units per USD,HTG,Gourde,2018,2018,7011,November,,73.456799867365802,X
HTI,2018-12-01,2018-12-31,93,'332,Haiti,LCU,Local currency units per USD,HTG,Gourde,2018,2018,7012,December,,76.317899999999995,X
HTI,2019-01-01,2019-12-31,93,'332,Haiti,LCU,Local currency units per USD,HTG,Gourde,2019,2019,7021,Annual value,,88.814966176919299,X
HTI,2019-01-01,2019-01-31,93,'332,Haiti,LCU,Local currency units per USD,HTG,Gourde,2019,2019,7001,January,,78.309399999999997,X
HTI,2019-02-01,2019-02-28,93,'332,Haiti,LCU,Local currency units per USD,HTG,Gourde,2019,2019,7002,February,,82.365099999999998,X
HTI,2019-03-01,2019-03-31,93,'332,Haiti,LCU,Local currency units per USD,HTG,Gourde,2019,2019,7003,March,,82.394238972270301,X
HTI,2019-04-01,2019-04-30,93,'332,Haiti,LCU,Local currency units per USD,HTG,Gourde,2019,2019,7004,April,,85.325500000000005,X
HTI,2019-05-01,2019-05-31,93,'332,Haiti,LCU,Local currency units per USD,HTG,Gourde,2019,2019,7005,May,,88.555000000000007,X
HTI,2019-06-01,2019-06-30,93,'332,Haiti,LCU,Local currency units per USD,HTG,Gourde,2019,2019,7006,June,,92.726474446837500,X
HTI,2019-07-01,2019-07-31,93,'332,Haiti,LCU,Local currency units per USD,HTG,Gourde,2019,2019,7007,July,,93.822299999999998,X
HTI,2019-08-01,2019-08-31,93,'332,Haiti,LCU,Local currency units per USD,HTG,Gourde,2019,2019,7008,August,,93.304480703924199,X
HTI,2019-09-01,2019-09-30,93,'332,Haiti,LCU,Local currency units per USD,HTG,Gourde,2019,2019,7009,September,,93.349800000000002,X
HTI,2019-10-01,2019-10-31,93,'332,Haiti,LCU,Local currency units per USD,HTG,Gourde,2019,2019,7010,October,,92.089799999999997,X
HTI,2019-11-01,2019-11-30,93,'332,Haiti,LCU,Local currency units per USD,HTG,Gourde,2019,2019,7011,November,,91.671700000000001,X
HTI,2019-12-01,2019-12-31,93,'332,Haiti,LCU,Local currency units per USD,HTG,Gourde,2019,2019,7012,December,,91.865799999999993,X
HTI,2020-01-01,2020-12-31,93,'332,Haiti,LCU,Local currency units per USD,HTG,Gourde,2020,2020,7021,Annual value,,93.509807213621301,X
HTI,2020-01-01,2020-01-31,93,'332,Haiti,LCU,Local currency units per USD,HTG,Gourde,2020,2020,7001,January,,92.184611729667694,X
HTI,2020-02-01,2020-02-29,93,'332,Haiti,LCU,Local currency units per USD,HTG,Gourde,2020,2020,7002,February,,93.774975042921000,X
HTI,2020-03-01,2020-03-31,93,'332,Haiti,LCU,Local currency units per USD,HTG,Gourde,2020,2020,7003,March,,96.675799999999995,X
HTI,2020-04-01,2020-04-30,93,'332,Haiti,LCU,Local currency units per USD,HTG,Gourde,2020,2020,7004,April,,99.942803257567803,X
HTI,2020-05-01,2020-05-31,93,'332,Haiti,LCU,Local currency units per USD,HTG,Gourde,2020,2020,7005,May,,106.314800000000010,X
HTI,2020-06-01,2020-06-30,93,'332,Haiti,LCU,Local currency units per USD,HTG,Gourde,2020,2020,7006,June,,110.527700000000000,X
HTI,2020-07-01,2020-07-31,93,'332,Haiti,LCU,Local currency units per USD,HTG,Gourde,2020,2020,7007,July,,116.765192861684000,X
HTI,2020-08-01,2020-08-31,93,'332,Haiti,LCU,Local currency units per USD,HTG,Gourde,2020,2020,7008,August,,119.673400000000000,X
HTI,2020-09-01,2020-09-30,93,'332,Haiti,LCU,Local currency units per USD,HTG,Gourde,2020,2020,7009,September,,86.798921349119496,X
HTI,2020-10-01,2020-10-31,93,'332,Haiti,LCU,Local currency units per USD,HTG,Gourde,2020,2020,7010,October,,63.981600000000000,X
HTI,2020-11-01,2020-11-30,93,'332,Haiti,LCU,Local currency units per USD,HTG,Gourde,2020,2020,7011,November,,64.269900000000007,X
HTI,2020-12-01,2020-12-31,93,'332,Haiti,LCU,Local currency units per USD,HTG,Gourde,2020,2020,7012,December,,71.207982322495496,X
HTI,2021-01-01,2021-12-31,93,'332,Haiti,LCU,Local currency units per USD,HTG,Gourde,2021,2021,7021,Annual value,,89.226636511630403,X
HTI,2021-01-01,2021-01-31,93,'332,Haiti,LCU,Local currency units per USD,HTG,Gourde,2021,2021,7001,January,,72.462500000000006,X
HTI,2021-02-01,2021-02-28,93,'332,Haiti,LCU,Local currency units per USD,HTG,Gourde,2021,2021,7002,February,,74.055192003133897,X
HTI,2021-03-01,2021-03-31,93,'332,Haiti,LCU,Local currency units per USD,HTG,Gourde,2021,2021,7003,March,,77.432034309749596,X
HTI,2021-04-01,2021-04-30,93,'332,Haiti,LCU,Local currency units per USD,HTG,Gourde,2021,2021,7004,April,,82.762974055558203,X
HTI,2021-05-01,2021-05-31,93,'332,Haiti,LCU,Local currency units per USD,HTG,Gourde,2021,2021,7005,May,,88.099795395561998,X
HTI,2021-06-01,2021-06-30,93,'332,Haiti,LCU,Local currency units per USD,HTG,Gourde,2021,2021,7006,June,,91.220715379734500,X
HTI,2021-07-01,2021-07-31,93,'332,Haiti,LCU,Local currency units per USD,HTG,Gourde,2021,2021,7007,July,,93.684426995826499,X
HTI,2021-08-01,2021-08-31,93,'332,Haiti,LCU,Local currency units per USD,HTG,Gourde,2021,2021,7008,August,,96.227500000000006,X
HTI,2021-09-01,2021-09-30,93,'332,Haiti,LCU,Local currency units per USD,HTG,Gourde,2021,2021,7009,September,,97.401799999999994,X
HTI,2021-10-01,2021-10-31,93,'332,Haiti,LCU,Local currency units per USD,HTG,Gourde,2021,2021,7010,October,,98.537499999999994,X
HTI,2021-11-01,2021-11-30,93,'332,Haiti,LCU,Local currency units per USD,HTG,Gourde,2021,2021,7011,November,,98.723600000000005,X
HTI,2021-12-01,2021-12-31,93,'332,Haiti,LCU,Local currency units per USD,HTG,Gourde,2021,2021,7012,December,,100.111600000000000,X
HTI,2022-01-01,2022-12-31,93,'332,Haiti,LCU,Local currency units per USD,HTG,Gourde,2022,2022,7021,Annual value,,115.630715521746000,X
HTI,2022-01-01,2022-01-31,93,'332,Haiti,LCU,Local currency units per USD,HTG,Gourde,2022,2022,7001,January,,101.207800000000010,X
HTI,2022-02-01,2022-02-28,93,'332,Haiti,LCU,Local currency units per USD,HTG,Gourde,2022,2022,7002,February,,102.252081319783000,X
HTI,2022-03-01,2022-03-31,93,'332,Haiti,LCU,Local currency units per USD,HTG,Gourde,2022,2022,7003,March,,104.392903947289990,X
HTI,2022-04-01,2022-04-30,93,'332,Haiti,LCU,Local currency units per USD,HTG,Gourde,2022,2022,7004,April,,106.228600993884000,X
HTI,2022-05-01,2022-05-31,93,'332,Haiti,LCU,Local currency units per USD,HTG,Gourde,2022,2022,7005,May,,109.142900000000000,X
HTI,2022-06-01,2022-06-30,93,'332,Haiti,LCU,Local currency units per USD,HTG,Gourde,2022,2022,7006,June,,112.624500000000000,X
HTI,2022-07-01,2022-07-31,93,'332,Haiti,LCU,Local currency units per USD,HTG,Gourde,2022,2022,7007,July,,113.615600000000000,X
HTI,2022-08-01,2022-08-31,93,'332,Haiti,LCU,Local currency units per USD,HTG,Gourde,2022,2022,7008,August,,121.331599999999990,X
HTI,2022-09-01,2022-09-30,93,'332,Haiti,LCU,Local currency units per USD,HTG,Gourde,2022,2022,7009,September,,116.478800000000010,X
HTI,2022-10-01,2022-10-31,93,'332,Haiti,LCU,Local currency units per USD,HTG,Gourde,2022,2022,7010,October,,122.110000000000000,X
HTI,2022-11-01,2022-11-30,93,'332,Haiti,LCU,Local currency units per USD,HTG,Gourde,2022,2022,7011,November,,135.074099999999990,X
HTI,2022-12-01,2022-12-31,93,'332,Haiti,LCU,Local currency units per USD,HTG,Gourde,2022,2022,7012,December,,143.109700000000000,X
HTI,2023-01-01,2023-01-31,93,'332,Haiti,LCU,Local currency units per USD,HTG,Gourde,2023,2023,7001,January,,146.851599999999990,X
HTI,2023-02-01,2023-02-28,93,'332,Haiti,LCU,Local currency units per USD,HTG,Gourde,2023,2023,7002,February,,149.343400000000000,X
HTI,1970-01-01,1970-12-31,93,'332,Haiti,SLC,Standard local currency units per USD,HTG,Gourde,1970,1970,7021,Annual value,,5.000000004000000,X
HTI,1971-01-01,1971-12-31,93,'332,Haiti,SLC,Standard local currency units per USD,HTG,Gourde,1971,1971,7021,Annual value,,4.999999999000000,X
HTI,1972-01-01,1972-12-31,93,'332,Haiti,SLC,Standard local currency units per USD,HTG,Gourde,1972,1972,7021,Annual value,,5.000018425000000,X
HTI,1973-01-01,1973-12-31,93,'332,Haiti,SLC,Standard local currency units per USD,HTG,Gourde,1973,1973,7021,Annual value,,5.000000003000000,X
HTI,1974-01-01,1974-12-31,93,'332,Haiti,SLC,Standard local currency units per USD,HTG,Gourde,1974,1974,7021,Annual value,,5.000004146000000,X
HTI,1975-01-01,1975-12-31,93,'332,Haiti,SLC,Standard local currency units per USD,HTG,Gourde,1975,1975,7021,Annual value,,4.999999999000000,X
HTI,1976-01-01,1976-12-31,93,'332,Haiti,SLC,Standard local currency units per USD,HTG,Gourde,1976,1976,7021,Annual value,,4.999999999000000,X
HTI,1977-01-01,1977-12-31,93,'332,Haiti,SLC,Standard local currency units per USD,HTG,Gourde,1977,1977,7021,Annual value,,4.999999999000000,X
HTI,1978-01-01,1978-12-31,93,'332,Haiti,SLC,Standard local currency units per USD,HTG,Gourde,1978,1978,7021,Annual value,,4.999999999000000,X
HTI,1979-01-01,1979-12-31,93,'332,Haiti,SLC,Standard local currency units per USD,HTG,Gourde,1979,1979,7021,Annual value,,4.999999999000000,X
HTI,1980-01-01,1980-12-31,93,'332,Haiti,SLC,Standard local currency units per USD,HTG,Gourde,1980,1980,7021,Annual value,,4.999999999000000,X
HTI,1981-01-01,1981-12-31,93,'332,Haiti,SLC,Standard local currency units per USD,HTG,Gourde,1981,1981,7021,Annual value,,4.999999999000000,X
HTI,1982-01-01,1982-12-31,93,'332,Haiti,SLC,Standard local currency units per USD,HTG,Gourde,1982,1982,7021,Annual value,,4.999999999000000,X
HTI,1983-01-01,1983-12-31,93,'332,Haiti,SLC,Standard local currency units per USD,HTG,Gourde,1983,1983,7021,Annual value,,4.999999999000000,X
HTI,1984-01-01,1984-12-31,93,'332,Haiti,SLC,Standard local currency units per USD,HTG,Gourde,1984,1984,7021,Annual value,,5.000000000000000,X
HTI,1985-01-01,1985-12-31,93,'332,Haiti,SLC,Standard local currency units per USD,HTG,Gourde,1985,1985,7021,Annual value,,5.000000000000000,X
HTI,1986-01-01,1986-12-31,93,'332,Haiti,SLC,Standard local currency units per USD,HTG,Gourde,1986,1986,7021,Annual value,,5.000000000000000,X
HTI,1987-01-01,1987-12-31,93,'332,Haiti,SLC,Standard local currency units per USD,HTG,Gourde,1987,1987,7021,Annual value,,5.000000000000000,X
HTI,1988-01-01,1988-12-31,93,'332,Haiti,SLC,Standard local currency units per USD,HTG,Gourde,1988,1988,7021,Annual value,,5.000000000000000,X
HTI,1989-01-01,1989-12-31,93,'332,Haiti,SLC,Standard local currency units per USD,HTG,Gourde,1989,1989,7021,Annual value,,5.000000000000000,X
HTI,1990-01-01,1990-12-31,93,'332,Haiti,SLC,Standard local currency units per USD,HTG,Gourde,1990,1990,7021,Annual value,,5.000000000000000,X
HTI,1991-01-01,1991-12-31,93,'332,Haiti,SLC,Standard local currency units per USD,HTG,Gourde,1991,1991,7021,Annual value,,6.034166667000000,X
HTI,1992-01-01,1992-12-31,93,'332,Haiti,SLC,Standard local currency units per USD,HTG,Gourde,1992,1992,7021,Annual value,,9.801666666999999,X
HTI,1993-01-01,1993-12-31,93,'332,Haiti,SLC,Standard local currency units per USD,HTG,Gourde,1993,1993,7021,Annual value,,12.822500000000000,X
HTI,1994-01-01,1994-12-31,93,'332,Haiti,SLC,Standard local currency units per USD,HTG,Gourde,1994,1994,7021,Annual value,,15.039999999999999,X
HTI,1995-01-01,1995-12-31,93,'332,Haiti,SLC,Standard local currency units per USD,HTG,Gourde,1995,1995,7021,Annual value,,15.109733329999999,X
HTI,1996-01-01,1996-12-31,93,'332,Haiti,SLC,Standard local currency units per USD,HTG,Gourde,1996,1996,7021,Annual value,,15.701150000000000,X
HTI,1997-01-01,1997-12-31,93,'332,Haiti,SLC,Standard local currency units per USD,HTG,Gourde,1997,1997,7021,Annual value,,16.654499999999999,X
HTI,1998-01-01,1998-12-31,93,'332,Haiti,SLC,Standard local currency units per USD,HTG,Gourde,1998,1998,7021,Annual value,,16.765666670000002,X
HTI,1999-01-01,1999-12-31,93,'332,Haiti,SLC,Standard local currency units per USD,HTG,Gourde,1999,1999,7021,Annual value,,16.937891669999999,X
HTI,2000-01-01,2000-12-31,93,'332,Haiti,SLC,Standard local currency units per USD,HTG,Gourde,2000,2000,7021,Annual value,,21.170666669999999,X
HTI,2001-01-01,2001-12-31,93,'332,Haiti,SLC,Standard local currency units per USD,HTG,Gourde,2001,2001,7021,Annual value,,24.429083330000001,X
HTI,2002-01-01,2002-12-31,93,'332,Haiti,SLC,Standard local currency units per USD,HTG,Gourde,2002,2002,7021,Annual value,,29.250483330000002,X
HTI,2003-01-01,2003-12-31,93,'332,Haiti,SLC,Standard local currency units per USD,HTG,Gourde,2003,2003,7021,Annual value,,42.366758330000003,X
HTI,2004-01-01,2004-12-31,93,'332,Haiti,SLC,Standard local currency units per USD,HTG,Gourde,2004,2004,7021,Annual value,,38.352033329999998,X
HTI,2005-01-01,2005-12-31,93,'332,Haiti,SLC,Standard local currency units per USD,HTG,Gourde,2005,2005,7021,Annual value,,40.448549999999997,X
HTI,2006-01-01,2006-12-31,93,'332,Haiti,SLC,Standard local currency units per USD,HTG,Gourde,2006,2006,7021,Annual value,,40.408516669999997,X
HTI,2007-01-01,2007-12-31,93,'332,Haiti,SLC,Standard local currency units per USD,HTG,Gourde,2007,2007,7021,Annual value,,36.861416669999997,X
HTI,2008-01-01,2008-12-31,93,'332,Haiti,SLC,Standard local currency units per USD,HTG,Gourde,2008,2008,7021,Annual value,,39.107591669999998,X
HTI,2009-01-01,2009-12-31,93,'332,Haiti,SLC,Standard local currency units per USD,HTG,Gourde,2009,2009,7021,Annual value,,41.197608330000001,X
HTI,2010-01-01,2010-12-31,93,'332,Haiti,SLC,Standard local currency units per USD,HTG,Gourde,2010,2010,7021,Annual value,,39.797400000000003,X
HTI,2011-01-01,2011-12-31,93,'332,Haiti,SLC,Standard local currency units per USD,HTG,Gourde,2011,2011,7021,Annual value,,40.522821940000000,X
HTI,2012-01-01,2012-12-31,93,'332,Haiti,SLC,Standard local currency units per USD,HTG,Gourde,2012,2012,7021,Annual value,,41.949722950000002,X
HTI,2013-01-01,2013-12-31,93,'332,Haiti,SLC,Standard local currency units per USD,HTG,Gourde,2013,2013,7021,Annual value,,43.462783330000001,X
HTI,2014-01-01,2014-12-31,93,'332,Haiti,SLC,Standard local currency units per USD,HTG,Gourde,2014,2014,7021,Annual value,,45.215980889999997,X
HTI,2015-01-01,2015-12-31,93,'332,Haiti,SLC,Standard local currency units per USD,HTG,Gourde,2015,2015,7021,Annual value,,50.706426669999999,X
HTI,2016-01-01,2016-12-31,93,'332,Haiti,SLC,Standard local currency units per USD,HTG,Gourde,2016,2016,7021,Annual value,,63.335818369999998,X
HTI,2017-01-01,2017-12-31,93,'332,Haiti,SLC,Standard local currency units per USD,HTG,Gourde,2017,2017,7021,Annual value,,64.769680280000003,X
HTI,2018-01-01,2018-12-31,93,'332,Haiti,SLC,Standard local currency units per USD,HTG,Gourde,2018,2018,7021,Annual value,,68.031753980000005,X
HTI,2019-01-01,2019-12-31,93,'332,Haiti,SLC,Standard local currency units per USD,HTG,Gourde,2019,2019,7021,Annual value,,88.814966179999999,X
HTI,2020-01-01,2020-12-31,93,'332,Haiti,SLC,Standard local currency units per USD,HTG,Gourde,2020,2020,7021,Annual value,,93.509807210000005,X
HTI,2021-01-01,2021-12-31,93,'332,Haiti,SLC,Standard local currency units per USD,HTG,Gourde,2021,2021,7021,Annual value,,89.226636510000006,X
HTI,2022-01-01,2022-12-31,93,'332,Haiti,SLC,Standard local currency units per USD,HTG,Gourde,2022,2022,7021,Annual value,,115.630715499999990,X
